mathnorm,s_class,s_school,enrollment,classsize,female,class_id
-.3643161,.5,.3518519,54,16,1,1
-.1546632,.5,.3518519,54,16,1,1
-.7626567,.5,.3518519,54,16,1,1
-1.538373,.5,.3518519,54,16,0,1
-1.412581,.5,.3518519,54,16,1,1
-1.538373,.5,.3518519,54,16,0,1
-.9723096,.5,.3518519,54,16,0,1
-1.538373,.5,.3518519,54,16,1,1
-.4691426,.5,.3518519,54,16,1,1
-1.412581,.5,.3518519,54,16,1,1
-1.181962,.5,.3518519,54,16,1,1
-1.810921,.5,.3518519,54,16,0,1
-.6578302,.5,.3518519,54,16,0,1
-1.181962,.5,.3518519,54,16,0,1
.3065732,.5,.3518519,54,16,0,1
-1.538373,.2105263,.3518519,54,19,0,2
-1.307754,.2105263,.3518519,54,19,0,2
-.4691426,.2105263,.3518519,54,19,1,2
-1.412581,.2105263,.3518519,54,19,0,2
-1.68513,.2105263,.3518519,54,19,0,2
-1.077136,.2105263,.3518519,54,19,0,2
-.5530037,.2105263,.3518519,54,19,0,2
-1.181962,.2105263,.3518519,54,19,0,2
-.2594897,.2105263,.3518519,54,19,0,2
-1.957678,.2105263,.3518519,54,19,0,2
-.6578302,.2105263,.3518519,54,19,1,2
-.3643161,.2105263,.3518519,54,19,0,2
-1.077136,.2105263,.3518519,54,19,0,2
-.8674831,.2105263,.3518519,54,19,0,2
-.0288714,.2105263,.3518519,54,19,0,2
-.4691426,.2105263,.3518519,54,19,0,2
-1.181962,.2105263,.3518519,54,19,0,2
-.7626567,.2105263,.3518519,54,19,1,2
-.4691426,.368421,.3518519,54,19,0,3
-.8674831,.368421,.3518519,54,19,1,3
.1807815,.368421,.3518519,54,19,0,3
.432365,.368421,.3518519,54,19,1,3
-.1546632,.368421,.3518519,54,19,0,3
.3065732,.368421,.3518519,54,19,0,3
-1.181962,.368421,.3518519,54,19,1,3
-.7626567,.368421,.3518519,54,19,0,3
-.8674831,.368421,.3518519,54,19,0,3
-1.181962,.368421,.3518519,54,19,1,3
.8936014,.368421,.3518519,54,19,1,3
-.6578302,.368421,.3518519,54,19,1,3
.5791221,.368421,.3518519,54,19,0,3
-.3643161,.368421,.3518519,54,19,0,3
-.4691426,.368421,.3518519,54,19,0,3
-.3643161,.368421,.3518519,54,19,0,3
-.7626567,.368421,.3518519,54,19,0,3
-.8674831,.368421,.3518519,54,19,0,3
.1807815,.368421,.3518519,54,19,1,3
-.6578302,.3913043,.4375,64,23,1,4
-1.538373,.3913043,.4375,64,23,1,4
-.5530037,.3913043,.4375,64,23,0,4
-.0288714,.3913043,.4375,64,23,0,4
-.4691426,.3913043,.4375,64,23,0,4
.1807815,.3913043,.4375,64,23,0,4
.075955,.3913043,.4375,64,23,1,4
-.7626567,.3913043,.4375,64,23,1,4
-.1546632,.3913043,.4375,64,23,1,4
-.3643161,.3913043,.4375,64,23,0,4
-.7626567,.3913043,.4375,64,23,0,4
-.4691426,.3913043,.4375,64,23,1,4
.1807815,.3913043,.4375,64,23,0,4
.075955,.3913043,.4375,64,23,1,4
.8936014,.3913043,.4375,64,23,1,4
.075955,.3913043,.4375,64,23,0,4
.3065732,.3913043,.4375,64,23,0,4
-.6578302,.3913043,.4375,64,23,1,4
-.6578302,.3913043,.4375,64,23,0,4
-.0288714,.4117647,.4375,64,17,1,5
-.0288714,.4117647,.4375,64,17,0,5
-.1546632,.4117647,.4375,64,17,0,5
-.3643161,.4117647,.4375,64,17,0,5
-1.181962,.4117647,.4375,64,17,0,5
.7258791,.4117647,.4375,64,17,0,5
-.4691426,.4117647,.4375,64,17,1,5
-.2594897,.4117647,.4375,64,17,0,5
-.8674831,.4117647,.4375,64,17,0,5
-.5530037,.4117647,.4375,64,17,0,5
.5791221,.4117647,.4375,64,17,1,5
-.0288714,.4117647,.4375,64,17,1,5
-.0288714,.4117647,.4375,64,17,0,5
.3065732,.4117647,.4375,64,17,1,5
.3065732,.4117647,.4375,64,17,1,5
.7258791,.5,.4375,64,24,1,6
-.9723096,.5,.4375,64,24,1,6
-.0288714,.5,.4375,64,24,0,6
-.2594897,.5,.4375,64,24,0,6
-.6578302,.5,.4375,64,24,0,6
-.6578302,.5,.4375,64,24,1,6
1.061324,.5,.4375,64,24,0,6
-.1546632,.5,.4375,64,24,0,6
.3065732,.5,.4375,64,24,1,6
-.2594897,.5,.4375,64,24,1,6
-.5530037,.5,.4375,64,24,1,6
-1.181962,.5,.4375,64,24,1,6
.8936014,.5,.4375,64,24,0,6
-.3643161,.5,.4375,64,24,0,6
.075955,.5,.4375,64,24,1,6
.1807815,.5,.4375,64,24,1,6
-1.181962,.5,.4375,64,24,0,6
-.6578302,.5,.4375,64,24,0,6
-.8674831,.5,.4375,64,24,1,6
-.4691426,.7692308,.5740741,54,13,1,7
-.6578302,.7692308,.5740741,54,13,1,7
-1.077136,.7692308,.5740741,54,13,0,7
1.061324,.7692308,.5740741,54,13,1,7
-.6578302,.7692308,.5740741,54,13,1,7
-.7626567,.7692308,.5740741,54,13,1,7
-.8674831,.7692308,.5740741,54,13,1,7
-.8674831,.7692308,.5740741,54,13,1,7
-.6578302,.7692308,.5740741,54,13,0,7
-.7626567,.7692308,.5740741,54,13,0,7
.7258791,.7692308,.5740741,54,13,1,7
-.1546632,.7692308,.5740741,54,13,1,7
-.2594897,.7692308,.5740741,54,13,1,7
-1.077136,.5,.5740741,54,18,1,8
-.1546632,.5,.5740741,54,18,0,8
-.9723096,.5,.5740741,54,18,1,8
-1.307754,.5,.5740741,54,18,0,8
.075955,.5,.5740741,54,18,0,8
.7258791,.5,.5740741,54,18,0,8
-1.538373,.5,.5740741,54,18,1,8
.075955,.5,.5740741,54,18,1,8
-.8674831,.5,.5740741,54,18,0,8
1.543525,.5,.5740741,54,18,1,8
.8936014,.5,.5740741,54,18,0,8
-.6578302,.5,.5740741,54,18,0,8
-.4691426,.5,.5740741,54,18,0,8
-.0288714,.5,.5740741,54,18,1,8
-.6578302,.5,.5740741,54,18,1,8
-1.077136,.5,.5740741,54,18,0,8
-.5530037,.5,.5740741,54,18,1,8
-.5530037,.5,.5740741,54,18,1,8
.1807815,.5217391,.5740741,54,23,0,9
-.4691426,.5217391,.5740741,54,23,0,9
-1.077136,.5217391,.5740741,54,23,1,9
-.5530037,.5217391,.5740741,54,23,0,9
.075955,.5217391,.5740741,54,23,1,9
-.1546632,.5217391,.5740741,54,23,1,9
.8936014,.5217391,.5740741,54,23,1,9
.7258791,.5217391,.5740741,54,23,1,9
-1.412581,.5217391,.5740741,54,23,0,9
-.1546632,.5217391,.5740741,54,23,1,9
-.1546632,.5217391,.5740741,54,23,1,9
.1807815,.5217391,.5740741,54,23,0,9
-.5530037,.5217391,.5740741,54,23,0,9
-.1546632,.5217391,.5740741,54,23,1,9
-.7626567,.5217391,.5740741,54,23,0,9
-.0288714,.5217391,.5740741,54,23,0,9
-.0288714,.5217391,.5740741,54,23,1,9
-2.125401,.5217391,.5740741,54,23,0,9
.075955,.5217391,.5740741,54,23,0,9
.3065732,.5217391,.5740741,54,23,1,9
1.291942,.5217391,.5740741,54,23,1,9
-.6578302,.5217391,.5740741,54,23,1,9
-1.307754,.5217391,.5740741,54,23,0,9
-.8674831,.5384616,.4166667,60,13,1,10
-.3643161,.5384616,.4166667,60,13,1,10
-.6578302,.5384616,.4166667,60,13,1,10
-.4691426,.5384616,.4166667,60,13,0,10
-.2594897,.5384616,.4166667,60,13,0,10
-.9723096,.5384616,.4166667,60,13,1,10
.5791221,.5384616,.4166667,60,13,1,10
-.7626567,.5384616,.4166667,60,13,1,10
.075955,.5384616,.4166667,60,13,0,10
.432365,.5384616,.4166667,60,13,0,10
-.4691426,.5384616,.4166667,60,13,1,10
-.9723096,.5384616,.4166667,60,13,0,10
-.0288714,.5384616,.4166667,60,13,0,10
-.7626567,.4782609,.4166667,60,23,0,11
.5791221,.4782609,.4166667,60,23,0,11
-.8674831,.4782609,.4166667,60,23,0,11
-.8674831,.4782609,.4166667,60,23,1,11
-.0288714,.4782609,.4166667,60,23,1,11
-.3643161,.4782609,.4166667,60,23,0,11
.075955,.4782609,.4166667,60,23,1,11
.3065732,.4782609,.4166667,60,23,1,11
-.0288714,.4782609,.4166667,60,23,0,11
.3065732,.4782609,.4166667,60,23,1,11
-1.810921,.4782609,.4166667,60,23,0,11
-.9723096,.4782609,.4166667,60,23,1,11
-.3643161,.4782609,.4166667,60,23,1,11
-.5530037,.4782609,.4166667,60,23,0,11
-1.412581,.4782609,.4166667,60,23,1,11
-1.077136,.4782609,.4166667,60,23,0,11
-.2594897,.4782609,.4166667,60,23,1,11
-.6578302,.4782609,.4166667,60,23,0,11
-.2594897,.4782609,.4166667,60,23,0,11
-.3643161,.4782609,.4166667,60,23,0,11
.432365,.4782609,.4166667,60,23,1,11
-.4691426,.4782609,.4166667,60,23,1,11
-.7626567,.2916667,.4166667,60,24,0,12
-.5530037,.2916667,.4166667,60,24,0,12
.432365,.2916667,.4166667,60,24,0,12
.5791221,.2916667,.4166667,60,24,0,12
-.9723096,.2916667,.4166667,60,24,1,12
.1807815,.2916667,.4166667,60,24,0,12
-.9723096,.2916667,.4166667,60,24,0,12
.3065732,.2916667,.4166667,60,24,1,12
-.5530037,.2916667,.4166667,60,24,0,12
.5791221,.2916667,.4166667,60,24,0,12
-.7626567,.2916667,.4166667,60,24,0,12
.075955,.2916667,.4166667,60,24,0,12
-1.412581,.2916667,.4166667,60,24,1,12
.5791221,.2916667,.4166667,60,24,0,12
-.3643161,.2916667,.4166667,60,24,0,12
-.6578302,.2916667,.4166667,60,24,1,12
-.6578302,.2916667,.4166667,60,24,0,12
-.9723096,.2916667,.4166667,60,24,1,12
-.0288714,.2916667,.4166667,60,24,1,12
.8936014,.2916667,.4166667,60,24,0,12
-.8674831,.2916667,.4166667,60,24,1,12
-1.181962,.2916667,.4166667,60,24,0,12
-.2594897,.2916667,.4166667,60,24,0,12
-1.957678,.5,.5081967,61,24,0,13
-.9723096,.5,.5081967,61,24,0,13
-.9723096,.5,.5081967,61,24,1,13
-.8674831,.5,.5081967,61,24,0,13
.432365,.5,.5081967,61,24,0,13
-1.68513,.5,.5081967,61,24,1,13
-1.077136,.5,.5081967,61,24,1,13
-.6578302,.5,.5081967,61,24,0,13
-.4691426,.5,.5081967,61,24,1,13
-1.538373,.5,.5081967,61,24,1,13
-1.181962,.5,.5081967,61,24,0,13
-1.181962,.5,.5081967,61,24,1,13
-.6578302,.5,.5081967,61,24,1,13
-1.307754,.5,.5081967,61,24,0,13
-.9723096,.5,.5081967,61,24,1,13
-1.538373,.5,.5081967,61,24,1,13
-1.957678,.5,.5081967,61,24,0,13
-1.307754,.5,.5081967,61,24,1,13
-.9723096,.5,.5081967,61,24,1,13
-.9723096,.5,.5081967,61,24,0,13
-1.810921,.5,.5081967,61,24,0,13
-.8674831,.5,.5081967,61,24,1,13
-.9723096,.5,.5081967,61,24,0,13
-.4691426,.5714286,.5081967,61,21,1,14
-.9723096,.5714286,.5081967,61,21,1,14
-.5530037,.5714286,.5081967,61,21,1,14
-.1546632,.5714286,.5081967,61,21,0,14
.5791221,.5714286,.5081967,61,21,0,14
-.8674831,.5714286,.5081967,61,21,0,14
-.1546632,.5714286,.5081967,61,21,1,14
-1.412581,.5714286,.5081967,61,21,1,14
.075955,.5714286,.5081967,61,21,1,14
-.5530037,.5714286,.5081967,61,21,1,14
.8936014,.5714286,.5081967,61,21,0,14
.432365,.5714286,.5081967,61,21,0,14
-1.538373,.5714286,.5081967,61,21,0,14
-1.810921,.5714286,.5081967,61,21,1,14
.5791221,.5714286,.5081967,61,21,1,14
.075955,.5714286,.5081967,61,21,1,14
-1.538373,.5714286,.5081967,61,21,1,14
-.2594897,.5714286,.5081967,61,21,1,14
-.8674831,.5714286,.5081967,61,21,0,14
-.3643161,.5714286,.5081967,61,21,0,14
-.0288714,.5714286,.5081967,61,21,0,14
-1.077136,.4375,.5081967,61,16,1,15
1.899935,.4375,.5081967,61,16,1,15
-.5530037,.4375,.5081967,61,16,0,15
-.4691426,.4375,.5081967,61,16,0,15
-1.538373,.4375,.5081967,61,16,0,15
.075955,.4375,.5081967,61,16,0,15
.7258791,.4375,.5081967,61,16,0,15
-.2594897,.4375,.5081967,61,16,1,15
-.9723096,.4375,.5081967,61,16,0,15
.432365,.4375,.5081967,61,16,0,15
.1807815,.4375,.5081967,61,16,1,15
1.543525,.4375,.5081967,61,16,1,15
.3065732,.4375,.5081967,61,16,1,15
-.1546632,.4375,.5081967,61,16,0,15
2.9482,.4375,.5081967,61,16,0,15
-.1546632,.55,.4583333,72,20,1,16
-.6578302,.55,.4583333,72,20,1,16
.8936014,.55,.4583333,72,20,1,16
-.2594897,.55,.4583333,72,20,0,16
.1807815,.55,.4583333,72,20,0,16
-1.957678,.55,.4583333,72,20,0,16
-1.412581,.55,.4583333,72,20,1,16
.7258791,.55,.4583333,72,20,0,16
-.0288714,.55,.4583333,72,20,1,16
.075955,.55,.4583333,72,20,0,16
-.0288714,.55,.4583333,72,20,0,16
.8936014,.55,.4583333,72,20,0,16
.3065732,.55,.4583333,72,20,1,16
.7258791,.55,.4583333,72,20,1,16
-.4691426,.55,.4583333,72,20,0,16
-.3643161,.55,.4583333,72,20,0,16
-.7626567,.55,.4583333,72,20,1,16
.7258791,.55,.4583333,72,20,1,16
.5791221,.55,.4583333,72,20,1,16
-.5530037,.55,.4583333,72,20,1,16
2.445033,.3846154,.4583333,72,13,0,17
.8936014,.3846154,.4583333,72,13,1,17
.3065732,.3846154,.4583333,72,13,0,17
.075955,.3846154,.4583333,72,13,0,17
-.5530037,.3846154,.4583333,72,13,1,17
.8936014,.3846154,.4583333,72,13,0,17
-.4691426,.3846154,.4583333,72,13,1,17
-.8674831,.3846154,.4583333,72,13,0,17
-.0288714,.3846154,.4583333,72,13,0,17
-.0288714,.3846154,.4583333,72,13,1,17
-.1546632,.3846154,.4583333,72,13,0,17
-.9723096,.3846154,.4583333,72,13,0,17
-.7626567,.3846154,.4583333,72,13,1,17
-.2594897,.5454546,.4583333,72,22,0,18
.8936014,.5454546,.4583333,72,22,1,18
.8936014,.5454546,.4583333,72,22,0,18
-.8674831,.5454546,.4583333,72,22,0,18
-.1546632,.5454546,.4583333,72,22,1,18
-1.412581,.5454546,.4583333,72,22,0,18
.3065732,.5454546,.4583333,72,22,1,18
-1.68513,.5454546,.4583333,72,22,1,18
-.0288714,.5454546,.4583333,72,22,1,18
-.3643161,.5454546,.4583333,72,22,1,18
-1.077136,.5454546,.4583333,72,22,0,18
1.543525,.5454546,.4583333,72,22,1,18
-.5530037,.5454546,.4583333,72,22,1,18
.075955,.5454546,.4583333,72,22,0,18
-.1546632,.5454546,.4583333,72,22,0,18
.3065732,.5454546,.4583333,72,22,1,18
.8936014,.5454546,.4583333,72,22,0,18
-.4691426,.5454546,.4583333,72,22,0,18
-.4691426,.5454546,.4583333,72,22,0,18
.3065732,.5454546,.4583333,72,22,1,18
-.5530037,.5454546,.4583333,72,22,1,18
.7258791,.5454546,.4583333,72,22,1,18
-.4691426,.2941177,.4583333,72,17,1,19
-2.125401,.2941177,.4583333,72,17,0,19
-.2594897,.2941177,.4583333,72,17,0,19
1.061324,.2941177,.4583333,72,17,0,19
-.6578302,.2941177,.4583333,72,17,0,19
-1.810921,.2941177,.4583333,72,17,0,19
.075955,.2941177,.4583333,72,17,1,19
1.899935,.2941177,.4583333,72,17,0,19
.8936014,.2941177,.4583333,72,17,0,19
-.5530037,.2941177,.4583333,72,17,0,19
-.0288714,.2941177,.4583333,72,17,0,19
.1807815,.2941177,.4583333,72,17,0,19
-.0288714,.2941177,.4583333,72,17,1,19
.432365,.2941177,.4583333,72,17,1,19
1.291942,.2941177,.4583333,72,17,0,19
.3065732,.2941177,.4583333,72,17,1,19
-.2594897,.2941177,.4583333,72,17,0,19
-.1546632,.5185185,.4528302,106,27,0,20
-.0288714,.5185185,.4528302,106,27,1,20
.5791221,.5185185,.4528302,106,27,0,20
-.0288714,.5185185,.4528302,106,27,0,20
.3065732,.5185185,.4528302,106,27,0,20
.075955,.5185185,.4528302,106,27,0,20
.5791221,.5185185,.4528302,106,27,1,20
-.1546632,.5185185,.4528302,106,27,0,20
.075955,.5185185,.4528302,106,27,0,20
.3065732,.5185185,.4528302,106,27,1,20
-.2594897,.5185185,.4528302,106,27,1,20
.3065732,.5185185,.4528302,106,27,0,20
-.4691426,.5185185,.4528302,106,27,0,20
-.2594897,.5185185,.4528302,106,27,0,20
-.2594897,.5185185,.4528302,106,27,1,20
-.3643161,.5185185,.4528302,106,27,1,20
-1.077136,.5185185,.4528302,106,27,1,20
-.3643161,.5185185,.4528302,106,27,1,20
.075955,.5185185,.4528302,106,27,1,20
-.8674831,.5185185,.4528302,106,27,0,20
-.9723096,.5185185,.4528302,106,27,1,20
.3065732,.5185185,.4528302,106,27,1,20
.075955,.5185185,.4528302,106,27,1,20
-.4691426,.5185185,.4528302,106,27,1,20
-.4691426,.5185185,.4528302,106,27,1,20
-.0288714,.5625,.4528302,106,16,0,21
-.4691426,.5625,.4528302,106,16,1,21
.5791221,.5625,.4528302,106,16,1,21
-.1546632,.5625,.4528302,106,16,0,21
1.543525,.5625,.4528302,106,16,1,21
.432365,.5625,.4528302,106,16,0,21
-.0288714,.5625,.4528302,106,16,0,21
-.3643161,.5625,.4528302,106,16,1,21
-.0288714,.5625,.4528302,106,16,1,21
-.0288714,.5625,.4528302,106,16,1,21
-.0288714,.5625,.4528302,106,16,0,21
1.899935,.5625,.4528302,106,16,0,21
.7258791,.5625,.4528302,106,16,1,21
.8936014,.5625,.4528302,106,16,1,21
-.5530037,.5625,.4528302,106,16,0,21
.8936014,.5625,.4528302,106,16,1,21
1.291942,.375,.4528302,106,24,1,22
.075955,.375,.4528302,106,24,0,22
.7258791,.375,.4528302,106,24,0,22
.432365,.375,.4528302,106,24,0,22
-.1546632,.375,.4528302,106,24,1,22
.7258791,.375,.4528302,106,24,0,22
1.543525,.375,.4528302,106,24,0,22
1.543525,.375,.4528302,106,24,1,22
1.291942,.375,.4528302,106,24,0,22
-.0288714,.375,.4528302,106,24,0,22
1.899935,.375,.4528302,106,24,0,22
.1807815,.375,.4528302,106,24,1,22
-.3643161,.375,.4528302,106,24,1,22
1.899935,.375,.4528302,106,24,1,22
-.1546632,.375,.4528302,106,24,0,22
.075955,.375,.4528302,106,24,1,22
.3065732,.375,.4528302,106,24,0,22
.3065732,.375,.4528302,106,24,1,22
-.0288714,.375,.4528302,106,24,0,22
.5791221,.3529412,.4528302,106,17,1,23
1.543525,.3529412,.4528302,106,17,0,23
2.445033,.3529412,.4528302,106,17,0,23
1.061324,.3529412,.4528302,106,17,0,23
.8936014,.3529412,.4528302,106,17,1,23
.075955,.3529412,.4528302,106,17,0,23
1.899935,.3529412,.4528302,106,17,0,23
.7258791,.3529412,.4528302,106,17,1,23
.8936014,.3529412,.4528302,106,17,0,23
.3065732,.3529412,.4528302,106,17,0,23
1.061324,.3529412,.4528302,106,17,1,23
.3065732,.3529412,.4528302,106,17,1,23
2.445033,.3529412,.4528302,106,17,0,23
1.543525,.3529412,.4528302,106,17,0,23
1.543525,.3529412,.4528302,106,17,0,23
-.3643161,.3529412,.4528302,106,17,1,23
1.061324,.4545455,.4528302,106,22,1,24
.1807815,.4545455,.4528302,106,22,0,24
-1.538373,.4545455,.4528302,106,22,0,24
1.291942,.4545455,.4528302,106,22,1,24
.7258791,.4545455,.4528302,106,22,0,24
.3065732,.4545455,.4528302,106,22,1,24
-.4691426,.4545455,.4528302,106,22,0,24
.5791221,.4545455,.4528302,106,22,0,24
-.2594897,.4545455,.4528302,106,22,0,24
1.543525,.4545455,.4528302,106,22,1,24
.8936014,.4545455,.4528302,106,22,0,24
2.445033,.4545455,.4528302,106,22,1,24
1.291942,.4545455,.4528302,106,22,1,24
.1807815,.4545455,.4528302,106,22,1,24
1.899935,.4545455,.4528302,106,22,0,24
1.061324,.4545455,.4528302,106,22,1,24
.3065732,.4545455,.4528302,106,22,1,24
.3065732,.4545455,.4528302,106,22,0,24
.1807815,.4545455,.4528302,106,22,0,24
-.4691426,.4545455,.4528302,106,22,0,24
1.291942,.4545455,.4528302,106,22,0,24
.5791221,.5,.3827161,81,16,0,25
-.6578302,.5,.3827161,81,16,0,25
-.5530037,.5,.3827161,81,16,0,25
-.3643161,.5,.3827161,81,16,0,25
.1807815,.5,.3827161,81,16,1,25
-.8674831,.5,.3827161,81,16,1,25
.075955,.5,.3827161,81,16,1,25
.5791221,.5,.3827161,81,16,1,25
-.3643161,.5,.3827161,81,16,1,25
-1.181962,.5,.3827161,81,16,0,25
.432365,.5,.3827161,81,16,0,25
-1.538373,.5,.3827161,81,16,1,25
.7258791,.5,.3827161,81,16,0,25
-.4691426,.375,.3827161,81,24,0,26
.5791221,.375,.3827161,81,24,0,26
-1.077136,.375,.3827161,81,24,1,26
-.2594897,.375,.3827161,81,24,0,26
.1807815,.375,.3827161,81,24,0,26
-.6578302,.375,.3827161,81,24,0,26
-.2594897,.375,.3827161,81,24,1,26
.1807815,.375,.3827161,81,24,0,26
-.0288714,.375,.3827161,81,24,0,26
2.445033,.375,.3827161,81,24,1,26
-.2594897,.375,.3827161,81,24,1,26
-.5530037,.375,.3827161,81,24,1,26
-.3643161,.375,.3827161,81,24,0,26
-.7626567,.375,.3827161,81,24,0,26
.8936014,.375,.3827161,81,24,0,26
-1.412581,.375,.3827161,81,24,1,26
-.7626567,.375,.3827161,81,24,1,26
-.7626567,.375,.3827161,81,24,0,26
-1.181962,.375,.3827161,81,24,0,26
.075955,.375,.3827161,81,24,1,26
-1.307754,.375,.3827161,81,24,0,26
.075955,.375,.3827161,81,24,1,26
.7258791,.375,.3827161,81,24,0,26
1.543525,.375,.3827161,81,24,0,26
.5791221,.375,.3827161,81,24,0,27
-.0288714,.375,.3827161,81,24,0,27
.7258791,.375,.3827161,81,24,0,27
.075955,.375,.3827161,81,24,1,27
-.6578302,.375,.3827161,81,24,0,27
-.3643161,.375,.3827161,81,24,0,27
-1.412581,.375,.3827161,81,24,1,27
-.7626567,.375,.3827161,81,24,0,27
.075955,.375,.3827161,81,24,0,27
-1.538373,.375,.3827161,81,24,1,27
1.061324,.375,.3827161,81,24,0,27
-.2594897,.375,.3827161,81,24,1,27
.1807815,.375,.3827161,81,24,0,27
-1.181962,.375,.3827161,81,24,1,27
.3065732,.375,.3827161,81,24,1,27
-.0288714,.375,.3827161,81,24,0,27
.5791221,.375,.3827161,81,24,1,27
.3065732,.375,.3827161,81,24,0,27
.3065732,.375,.3827161,81,24,0,27
-1.307754,.375,.3827161,81,24,0,27
-.8674831,.375,.3827161,81,24,1,27
-.5530037,.375,.3827161,81,24,0,27
-1.412581,.375,.3827161,81,24,1,27
.3065732,.375,.3827161,81,24,0,27
-.3643161,.2941177,.3827161,81,17,0,28
-1.181962,.2941177,.3827161,81,17,0,28
-.0288714,.2941177,.3827161,81,17,0,28
-.6578302,.2941177,.3827161,81,17,1,28
-.6578302,.2941177,.3827161,81,17,0,28
.1807815,.2941177,.3827161,81,17,0,28
1.061324,.2941177,.3827161,81,17,0,28
-.0288714,.2941177,.3827161,81,17,1,28
.075955,.2941177,.3827161,81,17,0,28
1.061324,.2941177,.3827161,81,17,0,28
-.4691426,.2941177,.3827161,81,17,1,28
-.4691426,.2941177,.3827161,81,17,0,28
.8936014,.2941177,.3827161,81,17,1,28
-.7626567,.2941177,.3827161,81,17,0,28
-.9723096,.2941177,.3827161,81,17,0,28
-.5530037,.2941177,.3827161,81,17,1,28
1.061324,.2941177,.3827161,81,17,0,28
.5791221,.5909091,.4700855,117,22,1,29
-.8674831,.5909091,.4700855,117,22,1,29
-.6578302,.5909091,.4700855,117,22,1,29
-.1546632,.5909091,.4700855,117,22,1,29
1.543525,.5909091,.4700855,117,22,0,29
-.4691426,.5909091,.4700855,117,22,0,29
-.6578302,.5909091,.4700855,117,22,0,29
-1.538373,.5909091,.4700855,117,22,1,29
1.291942,.5909091,.4700855,117,22,1,29
.1807815,.5909091,.4700855,117,22,1,29
1.061324,.5909091,.4700855,117,22,0,29
-.0288714,.5909091,.4700855,117,22,0,29
.7258791,.5909091,.4700855,117,22,1,29
.432365,.5909091,.4700855,117,22,1,29
.432365,.5909091,.4700855,117,22,0,29
1.899935,.5909091,.4700855,117,22,1,29
-1.181962,.5909091,.4700855,117,22,1,29
.432365,.5909091,.4700855,117,22,1,29
.8936014,.5909091,.4700855,117,22,0,29
1.061324,.5909091,.4700855,117,22,0,29
.1807815,.5909091,.4700855,117,22,1,29
1.061324,.5909091,.4700855,117,22,0,29
.075955,.4347826,.4700855,117,23,1,30
1.543525,.4347826,.4700855,117,23,0,30
-.0288714,.4347826,.4700855,117,23,0,30
-.7626567,.4347826,.4700855,117,23,0,30
.1807815,.4347826,.4700855,117,23,0,30
.5791221,.4347826,.4700855,117,23,0,30
-.4691426,.4347826,.4700855,117,23,0,30
-.1546632,.4347826,.4700855,117,23,0,30
-1.538373,.4347826,.4700855,117,23,0,30
.075955,.4347826,.4700855,117,23,1,30
-.7626567,.4347826,.4700855,117,23,1,30
-.9723096,.4347826,.4700855,117,23,0,30
.075955,.4347826,.4700855,117,23,1,30
-.3643161,.4347826,.4700855,117,23,0,30
1.291942,.4347826,.4700855,117,23,0,30
1.899935,.4347826,.4700855,117,23,1,30
1.899935,.4347826,.4700855,117,23,1,30
-.8674831,.4347826,.4700855,117,23,0,30
.1807815,.4347826,.4700855,117,23,1,30
-.5530037,.4347826,.4700855,117,23,1,30
-1.412581,.4347826,.4700855,117,23,0,30
.075955,.4347826,.4700855,117,23,1,30
1.899935,.5,.4700855,117,14,1,31
1.061324,.5,.4700855,117,14,0,31
2.9482,.5,.4700855,117,14,0,31
-.3643161,.5,.4700855,117,14,0,31
2.9482,.5,.4700855,117,14,0,31
1.543525,.5,.4700855,117,14,1,31
.8936014,.5,.4700855,117,14,1,31
1.899935,.5,.4700855,117,14,0,31
-.5530037,.5,.4700855,117,14,0,31
1.291942,.5,.4700855,117,14,1,31
-.2594897,.5,.4700855,117,14,1,31
2.445033,.5,.4700855,117,14,0,31
1.899935,.5,.4700855,117,14,1,31
.8936014,.4285714,.4700855,117,21,0,32
-.6578302,.4285714,.4700855,117,21,0,32
.8936014,.4285714,.4700855,117,21,1,32
-1.957678,.4285714,.4700855,117,21,0,32
-1.181962,.4285714,.4700855,117,21,1,32
1.543525,.4285714,.4700855,117,21,0,32
.075955,.4285714,.4700855,117,21,1,32
1.543525,.4285714,.4700855,117,21,0,32
.075955,.4285714,.4700855,117,21,1,32
.8936014,.4285714,.4700855,117,21,1,32
-.8674831,.4285714,.4700855,117,21,0,32
-.6578302,.4285714,.4700855,117,21,0,32
.8936014,.4285714,.4700855,117,21,1,32
-1.077136,.4285714,.4700855,117,21,0,32
.075955,.4285714,.4700855,117,21,0,32
1.291942,.4285714,.4700855,117,21,1,32
1.061324,.4285714,.4700855,117,21,1,32
-.7626567,.4285714,.4700855,117,21,0,32
-.1546632,.4285714,.4700855,117,21,0,32
.432365,.4285714,.4700855,117,21,0,32
-1.181962,.4782609,.4700855,117,23,0,33
1.061324,.4782609,.4700855,117,23,1,33
2.445033,.4782609,.4700855,117,23,1,33
.432365,.4782609,.4700855,117,23,1,33
.7258791,.4782609,.4700855,117,23,1,33
.432365,.4782609,.4700855,117,23,0,33
-.6578302,.4782609,.4700855,117,23,1,33
-.7626567,.4782609,.4700855,117,23,0,33
.5791221,.4782609,.4700855,117,23,0,33
.5791221,.4782609,.4700855,117,23,0,33
-.1546632,.4782609,.4700855,117,23,1,33
1.061324,.4782609,.4700855,117,23,1,33
-1.181962,.4782609,.4700855,117,23,0,33
1.543525,.4782609,.4700855,117,23,0,33
-1.68513,.4782609,.4700855,117,23,0,33
.5791221,.4782609,.4700855,117,23,1,33
1.543525,.4782609,.4700855,117,23,0,33
.1807815,.4782609,.4700855,117,23,1,33
.075955,.4782609,.4700855,117,23,0,33
-1.181962,.4782609,.4700855,117,23,0,33
1.291942,.3571429,.4700855,117,14,1,34
-.3643161,.3571429,.4700855,117,14,1,34
1.061324,.3571429,.4700855,117,14,0,34
1.061324,.3571429,.4700855,117,14,0,34
.7258791,.3571429,.4700855,117,14,0,34
2.445033,.3571429,.4700855,117,14,1,34
-.5530037,.3571429,.4700855,117,14,0,34
-.0288714,.3571429,.4700855,117,14,1,34
.432365,.3571429,.4700855,117,14,0,34
.075955,.3571429,.4700855,117,14,0,34
1.899935,.3571429,.4700855,117,14,1,34
.075955,.65,.5238096,63,20,0,35
-.0288714,.65,.5238096,63,20,1,35
.1807815,.65,.5238096,63,20,1,35
-.2594897,.65,.5238096,63,20,0,35
.7258791,.65,.5238096,63,20,1,35
.432365,.65,.5238096,63,20,0,35
.8936014,.65,.5238096,63,20,1,35
.8936014,.65,.5238096,63,20,1,35
-.0288714,.65,.5238096,63,20,0,35
.075955,.65,.5238096,63,20,1,35
-.3643161,.65,.5238096,63,20,0,35
.432365,.65,.5238096,63,20,0,35
1.543525,.65,.5238096,63,20,0,35
2.445033,.65,.5238096,63,20,1,35
.5791221,.65,.5238096,63,20,1,35
-.5530037,.65,.5238096,63,20,1,35
.432365,.65,.5238096,63,20,1,35
-.8674831,.65,.5238096,63,20,1,35
-.3643161,.65,.5238096,63,20,1,35
-.5530037,.5263158,.5238096,63,19,1,36
-.0288714,.5263158,.5238096,63,19,0,36
.1807815,.5263158,.5238096,63,19,1,36
-.0288714,.5263158,.5238096,63,19,0,36
-1.412581,.5263158,.5238096,63,19,1,36
-.6578302,.5263158,.5238096,63,19,0,36
-.5530037,.5263158,.5238096,63,19,0,36
-.1546632,.5263158,.5238096,63,19,0,36
-.5530037,.5263158,.5238096,63,19,1,36
-.7626567,.5263158,.5238096,63,19,1,36
-.3643161,.5263158,.5238096,63,19,1,36
.3065732,.5263158,.5238096,63,19,0,36
-1.412581,.5263158,.5238096,63,19,1,36
-.3643161,.5263158,.5238096,63,19,0,36
.8936014,.5263158,.5238096,63,19,0,36
-.3643161,.5263158,.5238096,63,19,1,36
-.7626567,.5263158,.5238096,63,19,0,36
.7258791,.3333333,.5238096,63,12,0,37
-.2594897,.3333333,.5238096,63,12,1,37
-.7626567,.3333333,.5238096,63,12,0,37
.075955,.3333333,.5238096,63,12,0,37
-1.68513,.3333333,.5238096,63,12,0,37
.075955,.3333333,.5238096,63,12,0,37
-.0288714,.3333333,.5238096,63,12,1,37
-.5530037,.3333333,.5238096,63,12,0,37
-.2594897,.3333333,.5238096,63,12,1,37
-.8674831,.3333333,.5238096,63,12,1,37
.432365,.3333333,.5238096,63,12,0,37
2.445033,.3333333,.5238096,63,12,0,37
.5791221,.5,.5238096,63,12,1,38
-.0288714,.5,.5238096,63,12,0,38
.7258791,.5,.5238096,63,12,0,38
.5791221,.5,.5238096,63,12,0,38
.075955,.5,.5238096,63,12,0,38
-.2594897,.5,.5238096,63,12,1,38
-1.181962,.5,.5238096,63,12,0,38
-.3643161,.5,.5238096,63,12,1,38
.7258791,.5,.5238096,63,12,1,38
.3065732,.5,.5238096,63,12,1,38
-.0288714,.5,.5238096,63,12,0,38
.7258791,.5,.5238096,63,12,1,38
-1.412581,.5238096,.4545455,55,21,0,39
-1.077136,.5238096,.4545455,55,21,0,39
-.4691426,.5238096,.4545455,55,21,1,39
-1.307754,.5238096,.4545455,55,21,1,39
-.0288714,.5238096,.4545455,55,21,1,39
-.5530037,.5238096,.4545455,55,21,1,39
1.291942,.5238096,.4545455,55,21,0,39
-.1546632,.5238096,.4545455,55,21,1,39
-.9723096,.5238096,.4545455,55,21,0,39
.3065732,.5238096,.4545455,55,21,0,39
-.0288714,.5238096,.4545455,55,21,1,39
1.061324,.5238096,.4545455,55,21,1,39
-.7626567,.5238096,.4545455,55,21,1,39
2.445033,.5238096,.4545455,55,21,0,39
.7258791,.5238096,.4545455,55,21,0,39
.5791221,.5238096,.4545455,55,21,1,39
-.0288714,.5238096,.4545455,55,21,0,39
-.3643161,.5238096,.4545455,55,21,1,39
.075955,.5238096,.4545455,55,21,0,39
-.9723096,.5238096,.4545455,55,21,0,39
2.445033,.5238096,.4545455,55,21,1,39
2.445033,.3846154,.4545455,55,13,0,40
.432365,.3846154,.4545455,55,13,0,40
-.2594897,.3846154,.4545455,55,13,1,40
1.899935,.3846154,.4545455,55,13,1,40
1.543525,.3846154,.4545455,55,13,1,40
.7258791,.3846154,.4545455,55,13,0,40
.8936014,.3846154,.4545455,55,13,0,40
.3065732,.3846154,.4545455,55,13,0,40
-.5530037,.3846154,.4545455,55,13,0,40
1.899935,.3846154,.4545455,55,13,1,40
.8936014,.3846154,.4545455,55,13,1,40
.7258791,.3846154,.4545455,55,13,0,40
.432365,.3846154,.4545455,55,13,0,40
2.445033,.4285714,.4545455,55,21,1,41
-1.538373,.4285714,.4545455,55,21,0,41
-.0288714,.4285714,.4545455,55,21,1,41
-.1546632,.4285714,.4545455,55,21,0,41
1.061324,.4285714,.4545455,55,21,1,41
-.9723096,.4285714,.4545455,55,21,1,41
-1.181962,.4285714,.4545455,55,21,0,41
-.9723096,.4285714,.4545455,55,21,0,41
-.8674831,.4285714,.4545455,55,21,0,41
-.3643161,.4285714,.4545455,55,21,1,41
-.7626567,.4285714,.4545455,55,21,0,41
-.6578302,.4285714,.4545455,55,21,0,41
-.7626567,.4285714,.4545455,55,21,0,41
.5791221,.4285714,.4545455,55,21,1,41
-1.181962,.4285714,.4545455,55,21,0,41
.432365,.4285714,.4545455,55,21,1,41
-.5530037,.4285714,.4545455,55,21,0,41
-.7626567,.4285714,.4545455,55,21,0,41
.3065732,.4285714,.4545455,55,21,1,41
-.9723096,.4285714,.4545455,55,21,0,41
1.543525,.3076923,.5185185,54,13,0,42
.432365,.3076923,.5185185,54,13,0,42
1.543525,.3076923,.5185185,54,13,0,42
1.061324,.3076923,.5185185,54,13,0,42
.8936014,.3076923,.5185185,54,13,1,42
.5791221,.3076923,.5185185,54,13,1,42
2.445033,.3076923,.5185185,54,13,1,42
1.899935,.3076923,.5185185,54,13,0,42
-.5530037,.3076923,.5185185,54,13,0,42
2.445033,.3076923,.5185185,54,13,0,42
2.9482,.3076923,.5185185,54,13,0,42
.3065732,.3076923,.5185185,54,13,1,42
-.0288714,.5789474,.5185185,54,19,1,43
1.543525,.5789474,.5185185,54,19,1,43
.075955,.5789474,.5185185,54,19,1,43
.5791221,.5789474,.5185185,54,19,1,43
.432365,.5789474,.5185185,54,19,1,43
-.0288714,.5789474,.5185185,54,19,0,43
-.2594897,.5789474,.5185185,54,19,0,43
.8936014,.5789474,.5185185,54,19,0,43
.3065732,.5789474,.5185185,54,19,0,43
.075955,.5789474,.5185185,54,19,1,43
1.543525,.5789474,.5185185,54,19,0,43
1.899935,.5789474,.5185185,54,19,1,43
1.291942,.5789474,.5185185,54,19,0,43
.3065732,.5789474,.5185185,54,19,0,43
1.543525,.5789474,.5185185,54,19,1,43
1.899935,.5789474,.5185185,54,19,1,43
-.5530037,.5789474,.5185185,54,19,0,43
1.061324,.5789474,.5185185,54,19,1,43
1.291942,.5909091,.5185185,54,22,1,44
-.5530037,.5909091,.5185185,54,22,0,44
-.9723096,.5909091,.5185185,54,22,0,44
-.6578302,.5909091,.5185185,54,22,0,44
1.543525,.5909091,.5185185,54,22,0,44
-.5530037,.5909091,.5185185,54,22,1,44
-.3643161,.5909091,.5185185,54,22,0,44
1.061324,.5909091,.5185185,54,22,1,44
1.291942,.5909091,.5185185,54,22,1,44
-.5530037,.5909091,.5185185,54,22,1,44
.7258791,.5909091,.5185185,54,22,0,44
1.899935,.5909091,.5185185,54,22,1,44
1.291942,.5909091,.5185185,54,22,1,44
-.4691426,.5909091,.5185185,54,22,1,44
-1.412581,.5909091,.5185185,54,22,0,44
-.2594897,.5909091,.5185185,54,22,1,44
-.6578302,.5909091,.5185185,54,22,1,44
-1.181962,.5909091,.5185185,54,22,1,44
1.899935,.5909091,.5185185,54,22,0,44
.432365,.5909091,.5185185,54,22,0,44
.432365,.5909091,.5185185,54,22,1,44
-1.307754,.4,.4935065,77,15,1,45
-.6578302,.4,.4935065,77,15,0,45
-.1546632,.4,.4935065,77,15,1,45
-.7626567,.4,.4935065,77,15,0,45
.7258791,.4,.4935065,77,15,1,45
-1.307754,.4,.4935065,77,15,0,45
-.8674831,.4,.4935065,77,15,0,45
-.7626567,.4,.4935065,77,15,1,45
-1.077136,.4,.4935065,77,15,0,45
-.0288714,.4,.4935065,77,15,1,45
-1.181962,.4,.4935065,77,15,0,45
-1.307754,.4,.4935065,77,15,0,45
-.1546632,.4,.4935065,77,15,1,45
-.5530037,.4,.4935065,77,25,1,46
.3065732,.4,.4935065,77,25,1,46
-.0288714,.4,.4935065,77,25,1,46
-1.412581,.4,.4935065,77,25,0,46
-.6578302,.4,.4935065,77,25,0,46
.8936014,.4,.4935065,77,25,0,46
-.7626567,.4,.4935065,77,25,0,46
-.9723096,.4,.4935065,77,25,1,46
-.1546632,.4,.4935065,77,25,1,46
-.6578302,.4,.4935065,77,25,0,46
-.4691426,.4,.4935065,77,25,0,46
-.3643161,.4,.4935065,77,25,1,46
-.4691426,.4,.4935065,77,25,0,46
-3.068839,.4,.4935065,77,25,1,46
-1.181962,.4,.4935065,77,25,1,46
-1.181962,.4,.4935065,77,25,0,46
-.5530037,.4,.4935065,77,25,1,46
-1.077136,.4,.4935065,77,25,0,46
-.0288714,.4,.4935065,77,25,0,46
.5791221,.4,.4935065,77,25,1,46
-.2594897,.4,.4935065,77,25,0,46
1.899935,.6190476,.4935065,77,21,0,47
-1.412581,.6190476,.4935065,77,21,1,47
-.7626567,.6190476,.4935065,77,21,1,47
-1.181962,.6190476,.4935065,77,21,0,47
-.3643161,.6190476,.4935065,77,21,0,47
-.6578302,.6190476,.4935065,77,21,1,47
.1807815,.6190476,.4935065,77,21,0,47
-.3643161,.6190476,.4935065,77,21,0,47
.432365,.6190476,.4935065,77,21,1,47
-.8674831,.6190476,.4935065,77,21,1,47
-.6578302,.6190476,.4935065,77,21,1,47
.1807815,.6190476,.4935065,77,21,1,47
.1807815,.6190476,.4935065,77,21,1,47
.3065732,.6190476,.4935065,77,21,0,47
.1807815,.6190476,.4935065,77,21,0,47
-1.307754,.6190476,.4935065,77,21,1,47
-1.077136,.6190476,.4935065,77,21,0,47
1.061324,.6190476,.4935065,77,21,1,47
.8936014,.6190476,.4935065,77,21,1,47
.075955,.5625,.4935065,77,16,1,48
.5791221,.5625,.4935065,77,16,1,48
-.7626567,.5625,.4935065,77,16,0,48
-.9723096,.5625,.4935065,77,16,1,48
.432365,.5625,.4935065,77,16,1,48
.075955,.5625,.4935065,77,16,0,48
-.0288714,.5625,.4935065,77,16,1,48
-.1546632,.5625,.4935065,77,16,0,48
2.445033,.5625,.4935065,77,16,1,48
1.291942,.5625,.4935065,77,16,0,48
-.3643161,.5625,.4935065,77,16,0,48
-.0288714,.5625,.4935065,77,16,1,48
-.2594897,.5625,.4935065,77,16,0,48
-1.077136,.5625,.4935065,77,16,1,48
1.543525,.5,.4951456,103,24,0,49
1.543525,.5,.4951456,103,24,1,49
-.5530037,.5,.4951456,103,24,0,49
1.291942,.5,.4951456,103,24,0,49
-.4691426,.5,.4951456,103,24,0,49
.075955,.5,.4951456,103,24,1,49
1.061324,.5,.4951456,103,24,0,49
-.4691426,.5,.4951456,103,24,0,49
.5791221,.5,.4951456,103,24,1,49
1.291942,.5,.4951456,103,24,0,49
1.899935,.5,.4951456,103,24,0,49
.3065732,.5,.4951456,103,24,0,49
-.1546632,.5,.4951456,103,24,1,49
-.2594897,.5,.4951456,103,24,1,49
-.0288714,.5,.4951456,103,24,1,49
-.5530037,.5,.4951456,103,24,1,49
-1.307754,.5,.4951456,103,24,0,49
1.291942,.5,.4951456,103,24,1,49
.3065732,.5,.4951456,103,24,1,49
-.1546632,.5,.4951456,103,24,0,49
-.3643161,.5,.4951456,103,24,0,49
-1.077136,.4347826,.4951456,103,23,0,50
.3065732,.4347826,.4951456,103,23,0,50
-.5530037,.4347826,.4951456,103,23,1,50
-.4691426,.4347826,.4951456,103,23,0,50
-.5530037,.4347826,.4951456,103,23,1,50
-.5530037,.4347826,.4951456,103,23,0,50
-1.307754,.4347826,.4951456,103,23,0,50
-.3643161,.4347826,.4951456,103,23,0,50
.075955,.4347826,.4951456,103,23,0,50
.075955,.4347826,.4951456,103,23,0,50
-.6578302,.4347826,.4951456,103,23,1,50
-.8674831,.4347826,.4951456,103,23,0,50
-1.077136,.4347826,.4951456,103,23,0,50
1.543525,.4347826,.4951456,103,23,1,50
-.2594897,.4347826,.4951456,103,23,1,50
.5791221,.4347826,.4951456,103,23,1,50
-.2594897,.4347826,.4951456,103,23,1,50
.3065732,.4347826,.4951456,103,23,1,50
.432365,.4347826,.4951456,103,23,1,50
-.1546632,.4347826,.4951456,103,23,0,50
.8936014,.4347826,.4951456,103,23,1,50
1.061324,.4347826,.4951456,103,23,0,50
1.061324,.375,.4951456,103,16,1,51
-.0288714,.375,.4951456,103,16,0,51
-.0288714,.375,.4951456,103,16,1,51
-.5530037,.375,.4951456,103,16,1,51
-.2594897,.375,.4951456,103,16,1,51
-.0288714,.375,.4951456,103,16,0,51
-.9723096,.375,.4951456,103,16,0,51
.5791221,.375,.4951456,103,16,0,51
-.4691426,.375,.4951456,103,16,1,51
-.8674831,.375,.4951456,103,16,0,51
1.543525,.375,.4951456,103,16,0,51
-.8674831,.375,.4951456,103,16,0,51
-1.077136,.375,.4951456,103,16,0,51
-.9723096,.5625,.4951456,103,16,0,52
-1.68513,.5625,.4951456,103,16,1,52
-.2594897,.5625,.4951456,103,16,1,52
-1.68513,.5625,.4951456,103,16,1,52
1.291942,.5625,.4951456,103,16,0,52
1.543525,.5625,.4951456,103,16,1,52
.5791221,.5625,.4951456,103,16,1,52
.7258791,.5625,.4951456,103,16,0,52
-.0288714,.5625,.4951456,103,16,0,52
.3065732,.5625,.4951456,103,16,0,52
.8936014,.5625,.4951456,103,16,1,52
-.8674831,.5625,.4951456,103,16,0,52
-1.307754,.5625,.4951456,103,16,1,52
-1.181962,.5625,.4951456,103,16,1,52
-.9723096,.5625,.4951456,103,16,0,52
1.543525,.5833333,.4951456,103,24,1,53
1.061324,.5833333,.4951456,103,24,0,53
-1.307754,.5833333,.4951456,103,24,1,53
-.5530037,.5833333,.4951456,103,24,1,53
.7258791,.5833333,.4951456,103,24,1,53
-.5530037,.5833333,.4951456,103,24,1,53
.1807815,.5833333,.4951456,103,24,1,53
-.5530037,.5833333,.4951456,103,24,0,53
.3065732,.5833333,.4951456,103,24,1,53
.8936014,.5833333,.4951456,103,24,1,53
.7258791,.5833333,.4951456,103,24,1,53
1.543525,.5833333,.4951456,103,24,1,53
-1.412581,.5833333,.4951456,103,24,1,53
.8936014,.5833333,.4951456,103,24,0,53
-1.181962,.5833333,.4951456,103,24,0,53
1.291942,.5833333,.4951456,103,24,1,53
-.8674831,.5833333,.4951456,103,24,1,53
1.061324,.5833333,.4951456,103,24,1,53
1.543525,.5833333,.4951456,103,24,0,53
1.543525,.5833333,.4951456,103,24,0,53
-.2594897,.5833333,.4951456,103,24,0,53
.1807815,.5833333,.4951456,103,24,0,53
1.291942,.5833333,.4951456,103,24,0,53
.5791221,.3571429,.5423729,59,14,1,54
1.291942,.3571429,.5423729,59,14,0,54
1.291942,.3571429,.5423729,59,14,0,54
-.4691426,.3571429,.5423729,59,14,0,54
1.543525,.3571429,.5423729,59,14,1,54
-.4691426,.3571429,.5423729,59,14,0,54
2.9482,.3571429,.5423729,59,14,0,54
1.061324,.3571429,.5423729,59,14,0,54
-1.181962,.3571429,.5423729,59,14,0,54
.7258791,.3571429,.5423729,59,14,1,54
.075955,.3571429,.5423729,59,14,1,54
1.291942,.3571429,.5423729,59,14,0,54
-.1546632,.3571429,.5423729,59,14,1,54
-.1546632,.5652174,.5423729,59,23,1,55
1.291942,.5652174,.5423729,59,23,1,55
.7258791,.5652174,.5423729,59,23,1,55
.075955,.5652174,.5423729,59,23,1,55
-.0288714,.5652174,.5423729,59,23,1,55
-.1546632,.5652174,.5423729,59,23,0,55
2.9482,.5652174,.5423729,59,23,1,55
-.3643161,.5652174,.5423729,59,23,0,55
1.061324,.5652174,.5423729,59,23,0,55
.432365,.5652174,.5423729,59,23,1,55
.7258791,.5652174,.5423729,59,23,1,55
1.899935,.5652174,.5423729,59,23,1,55
.7258791,.5652174,.5423729,59,23,0,55
-.6578302,.5652174,.5423729,59,23,0,55
1.543525,.5652174,.5423729,59,23,1,55
-1.68513,.5652174,.5423729,59,23,0,55
.7258791,.5652174,.5423729,59,23,0,55
.432365,.5652174,.5423729,59,23,1,55
.7258791,.5652174,.5423729,59,23,1,55
-.9723096,.5652174,.5423729,59,23,0,55
.5791221,.5652174,.5423729,59,23,0,55
-.2594897,.5652174,.5423729,59,23,0,55
.7258791,.5652174,.5423729,59,23,1,55
.7258791,.6363636,.5423729,59,22,1,56
-.1546632,.6363636,.5423729,59,22,0,56
1.543525,.6363636,.5423729,59,22,0,56
-.5530037,.6363636,.5423729,59,22,1,56
-.1546632,.6363636,.5423729,59,22,1,56
1.061324,.6363636,.5423729,59,22,0,56
-.6578302,.6363636,.5423729,59,22,1,56
.075955,.6363636,.5423729,59,22,1,56
.3065732,.6363636,.5423729,59,22,0,56
.432365,.6363636,.5423729,59,22,0,56
.1807815,.6363636,.5423729,59,22,0,56
.8936014,.6363636,.5423729,59,22,0,56
2.445033,.6363636,.5423729,59,22,1,56
.432365,.6363636,.5423729,59,22,1,56
2.9482,.6363636,.5423729,59,22,1,56
-.0288714,.6363636,.5423729,59,22,1,56
1.291942,.6363636,.5423729,59,22,1,56
.7258791,.6363636,.5423729,59,22,1,56
.7258791,.6363636,.5423729,59,22,1,56
-1.181962,.6153846,.6545454,55,13,0,57
.8936014,.6153846,.6545454,55,13,1,57
2.445033,.6153846,.6545454,55,13,1,57
1.291942,.6153846,.6545454,55,13,1,57
.432365,.6153846,.6545454,55,13,0,57
.432365,.6153846,.6545454,55,13,0,57
1.899935,.6153846,.6545454,55,13,1,57
1.291942,.6153846,.6545454,55,13,1,57
-.2594897,.6153846,.6545454,55,13,1,57
.432365,.7,.6545454,55,20,1,58
.5791221,.7,.6545454,55,20,1,58
.075955,.7,.6545454,55,20,1,58
.1807815,.7,.6545454,55,20,0,58
.7258791,.7,.6545454,55,20,1,58
-.1546632,.7,.6545454,55,20,1,58
-.6578302,.7,.6545454,55,20,0,58
1.543525,.7,.6545454,55,20,0,58
1.061324,.7,.6545454,55,20,0,58
2.9482,.7,.6545454,55,20,1,58
1.899935,.7,.6545454,55,20,1,58
1.291942,.7,.6545454,55,20,1,58
-.1546632,.7,.6545454,55,20,1,58
-1.68513,.7,.6545454,55,20,1,58
-.3643161,.7,.6545454,55,20,0,58
-.8674831,.7,.6545454,55,20,1,58
1.291942,.7,.6545454,55,20,1,58
-.0288714,.7,.6545454,55,20,0,58
1.061324,.7,.6545454,55,20,1,58
2.445033,.7,.6545454,55,20,1,58
1.061324,.6363636,.6545454,55,22,1,59
.5791221,.6363636,.6545454,55,22,1,59
1.061324,.6363636,.6545454,55,22,1,59
.1807815,.6363636,.6545454,55,22,1,59
.3065732,.6363636,.6545454,55,22,0,59
.075955,.6363636,.6545454,55,22,1,59
.7258791,.6363636,.6545454,55,22,0,59
.7258791,.6363636,.6545454,55,22,0,59
.7258791,.6363636,.6545454,55,22,1,59
.1807815,.6363636,.6545454,55,22,0,59
-.1546632,.6363636,.6545454,55,22,1,59
.8936014,.6363636,.6545454,55,22,0,59
.432365,.6363636,.6545454,55,22,1,59
1.061324,.6363636,.6545454,55,22,1,59
.7258791,.6363636,.6545454,55,22,1,59
-.6578302,.6363636,.6545454,55,22,0,59
1.291942,.6363636,.6545454,55,22,1,59
-.0288714,.6363636,.6545454,55,22,1,59
.7258791,.6363636,.6545454,55,22,1,59
.8936014,.4705882,.4452055,146,17,1,60
1.543525,.4705882,.4452055,146,17,0,60
.7258791,.4705882,.4452055,146,17,0,60
.7258791,.4705882,.4452055,146,17,0,60
2.445033,.4705882,.4452055,146,17,1,60
.5791221,.4705882,.4452055,146,17,0,60
1.543525,.4705882,.4452055,146,17,0,60
.7258791,.4705882,.4452055,146,17,1,60
-1.538373,.4705882,.4452055,146,17,1,60
1.291942,.4705882,.4452055,146,17,1,60
2.9482,.4705882,.4452055,146,17,0,60
-.1546632,.4705882,.4452055,146,17,0,60
1.291942,.4705882,.4452055,146,17,1,60
2.445033,.4705882,.4452055,146,17,1,60
.432365,.4705882,.4452055,146,17,1,60
-.1546632,.4705882,.4452055,146,17,0,60
1.291942,.4705882,.4452055,146,17,0,60
.075955,.44,.4452055,146,25,1,61
1.291942,.44,.4452055,146,25,0,61
-.1546632,.44,.4452055,146,25,0,61
-.9723096,.44,.4452055,146,25,1,61
.8936014,.44,.4452055,146,25,0,61
.075955,.44,.4452055,146,25,0,61
.8936014,.44,.4452055,146,25,0,61
-1.68513,.44,.4452055,146,25,0,61
-.7626567,.44,.4452055,146,25,1,61
.1807815,.44,.4452055,146,25,0,61
.432365,.44,.4452055,146,25,1,61
-.1546632,.44,.4452055,146,25,0,61
-1.957678,.44,.4452055,146,25,0,61
-.9723096,.44,.4452055,146,25,1,61
-.4691426,.44,.4452055,146,25,0,61
-.7626567,.44,.4452055,146,25,1,61
1.061324,.44,.4452055,146,25,1,61
.075955,.44,.4452055,146,25,0,61
.5791221,.44,.4452055,146,25,1,61
1.543525,.44,.4452055,146,25,0,61
-1.412581,.44,.4452055,146,25,1,61
-.2594897,.44,.4452055,146,25,0,61
-.1546632,.44,.4452055,146,25,1,61
-.1546632,.4545455,.4452055,146,22,0,62
.7258791,.4545455,.4452055,146,22,1,62
1.543525,.4545455,.4452055,146,22,0,62
.1807815,.4545455,.4452055,146,22,0,62
-1.077136,.4545455,.4452055,146,22,1,62
-.4691426,.4545455,.4452055,146,22,0,62
-.2594897,.4545455,.4452055,146,22,0,62
-.5530037,.4545455,.4452055,146,22,0,62
.432365,.4545455,.4452055,146,22,0,62
.432365,.4545455,.4452055,146,22,1,62
-.2594897,.4545455,.4452055,146,22,0,62
.3065732,.4545455,.4452055,146,22,1,62
.7258791,.4545455,.4452055,146,22,1,62
-.0288714,.4545455,.4452055,146,22,0,62
-.5530037,.4545455,.4452055,146,22,1,62
.3065732,.4545455,.4452055,146,22,0,62
.075955,.4545455,.4452055,146,22,0,62
.8936014,.4545455,.4452055,146,22,1,62
-.8674831,.4545455,.4452055,146,22,1,62
-1.307754,.4545455,.4452055,146,22,0,62
-1.412581,.4166667,.4452055,146,24,1,63
.7258791,.4166667,.4452055,146,24,1,63
.1807815,.4166667,.4452055,146,24,0,63
.8936014,.4166667,.4452055,146,24,1,63
2.9482,.4166667,.4452055,146,24,1,63
-1.077136,.4166667,.4452055,146,24,0,63
2.445033,.4166667,.4452055,146,24,1,63
-.6578302,.4166667,.4452055,146,24,0,63
.7258791,.4166667,.4452055,146,24,0,63
1.899935,.4166667,.4452055,146,24,1,63
-1.412581,.4166667,.4452055,146,24,1,63
.5791221,.4166667,.4452055,146,24,0,63
-.2594897,.4166667,.4452055,146,24,0,63
-.3643161,.4166667,.4452055,146,24,0,63
-.4691426,.4166667,.4452055,146,24,0,63
-.9723096,.4166667,.4452055,146,24,0,63
-.2594897,.4166667,.4452055,146,24,0,63
-.0288714,.4166667,.4452055,146,24,1,63
-.3643161,.4166667,.4452055,146,24,0,63
-.2594897,.4166667,.4452055,146,24,1,63
.075955,.4166667,.4452055,146,24,0,63
-.4691426,.5,.4452055,146,16,0,64
-1.538373,.5,.4452055,146,16,1,64
1.291942,.5,.4452055,146,16,0,64
.3065732,.5,.4452055,146,16,1,64
-.1546632,.5,.4452055,146,16,1,64
.075955,.5,.4452055,146,16,0,64
.075955,.5,.4452055,146,16,1,64
-.0288714,.5,.4452055,146,16,1,64
-.0288714,.5,.4452055,146,16,1,64
.7258791,.5,.4452055,146,16,0,64
.1807815,.5,.4452055,146,16,0,64
-1.077136,.5,.4452055,146,16,1,64
1.291942,.5,.4452055,146,16,0,64
-.0288714,.5,.4452055,146,16,1,64
.8936014,.5,.4452055,146,16,0,64
-.3643161,.4705882,.4452055,146,17,1,65
-.1546632,.4705882,.4452055,146,17,0,65
.5791221,.4705882,.4452055,146,17,1,65
-.0288714,.4705882,.4452055,146,17,0,65
-.5530037,.4705882,.4452055,146,17,0,65
.7258791,.4705882,.4452055,146,17,0,65
1.899935,.4705882,.4452055,146,17,0,65
-.2594897,.4705882,.4452055,146,17,0,65
.3065732,.4705882,.4452055,146,17,1,65
-.3643161,.4705882,.4452055,146,17,1,65
1.291942,.4705882,.4452055,146,17,1,65
.3065732,.4705882,.4452055,146,17,1,65
.1807815,.4705882,.4452055,146,17,0,65
2.445033,.4705882,.4452055,146,17,0,65
1.291942,.4705882,.4452055,146,17,1,65
1.291942,.4705882,.4452055,146,17,1,65
-.3643161,.4705882,.4452055,146,17,0,65
.3065732,.4,.4452055,146,25,1,66
1.899935,.4,.4452055,146,25,0,66
.432365,.4,.4452055,146,25,1,66
1.543525,.4,.4452055,146,25,0,66
-.1546632,.4,.4452055,146,25,1,66
.1807815,.4,.4452055,146,25,0,66
.432365,.4,.4452055,146,25,0,66
.8936014,.4,.4452055,146,25,1,66
1.543525,.4,.4452055,146,25,0,66
.7258791,.4,.4452055,146,25,1,66
.075955,.4,.4452055,146,25,1,66
.075955,.4,.4452055,146,25,0,66
-.1546632,.4,.4452055,146,25,1,66
-.0288714,.4,.4452055,146,25,1,66
.432365,.4,.4452055,146,25,0,66
.075955,.4,.4452055,146,25,0,66
.5791221,.4,.4452055,146,25,0,66
.7258791,.4,.4452055,146,25,0,66
.5791221,.4,.4452055,146,25,0,66
.075955,.4,.4452055,146,25,0,66
.1807815,.4,.4452055,146,25,0,66
.075955,.4,.4452055,146,25,1,66
.7258791,.4,.4452055,146,25,1,66
-.2594897,.4,.4452055,146,25,0,66
.8936014,.4,.4452055,146,25,0,66
-.3643161,.6818182,.55,60,22,1,67
-.1546632,.6818182,.55,60,22,1,67
-.7626567,.6818182,.55,60,22,1,67
.5791221,.6818182,.55,60,22,1,67
-.6578302,.6818182,.55,60,22,0,67
-.8674831,.6818182,.55,60,22,0,67
-.7626567,.6818182,.55,60,22,1,67
-.0288714,.6818182,.55,60,22,1,67
.432365,.6818182,.55,60,22,0,67
.1807815,.6818182,.55,60,22,1,67
-.8674831,.6818182,.55,60,22,0,67
-.0288714,.6818182,.55,60,22,0,67
-.5530037,.6818182,.55,60,22,1,67
-.3643161,.6818182,.55,60,22,1,67
-.2594897,.6818182,.55,60,22,0,67
.3065732,.6818182,.55,60,22,1,67
-.4691426,.6818182,.55,60,22,1,67
-.8674831,.6818182,.55,60,22,0,67
-.9723096,.6818182,.55,60,22,1,67
-.5530037,.4,.55,60,15,1,68
-1.412581,.4,.55,60,15,0,68
-.8674831,.4,.55,60,15,0,68
-.6578302,.4,.55,60,15,0,68
-1.181962,.4,.55,60,15,1,68
.075955,.4,.55,60,15,1,68
-.1546632,.4,.55,60,15,1,68
-.4691426,.4,.55,60,15,0,68
-.0288714,.4,.55,60,15,1,68
-2.523741,.4,.55,60,15,1,68
-1.307754,.4,.55,60,15,0,68
-1.68513,.4,.55,60,15,0,68
.3065732,.4,.55,60,15,0,68
-.7626567,.4,.55,60,15,0,68
-1.181962,.4,.55,60,15,0,68
-1.810921,.5217391,.55,60,23,1,69
-.3643161,.5217391,.55,60,23,1,69
-1.68513,.5217391,.55,60,23,0,69
-1.957678,.5217391,.55,60,23,0,69
-.3643161,.5217391,.55,60,23,1,69
-.9723096,.5217391,.55,60,23,0,69
-.8674831,.5217391,.55,60,23,1,69
-.1546632,.5217391,.55,60,23,0,69
-.1546632,.5217391,.55,60,23,1,69
-.2594897,.5217391,.55,60,23,1,69
-.1546632,.5217391,.55,60,23,0,69
-1.412581,.5217391,.55,60,23,0,69
-.8674831,.5217391,.55,60,23,0,69
-.8674831,.5217391,.55,60,23,1,69
-.3643161,.5217391,.55,60,23,1,69
-.9723096,.5217391,.55,60,23,0,69
-.9723096,.5217391,.55,60,23,0,69
-.7626567,.5217391,.55,60,23,0,69
-.4691426,.5217391,.55,60,23,1,69
.1807815,.5333334,.5,58,15,0,70
.3065732,.5333334,.5,58,15,1,70
-1.181962,.5333334,.5,58,15,0,70
-2.314088,.5333334,.5,58,15,0,70
-.8674831,.5333334,.5,58,15,1,70
.3065732,.5333334,.5,58,15,0,70
.1807815,.5333334,.5,58,15,1,70
-.0288714,.5333334,.5,58,15,1,70
.432365,.5333334,.5,58,15,0,70
.432365,.5333334,.5,58,15,1,70
-.2594897,.5333334,.5,58,15,1,70
.1807815,.5333334,.5,58,15,1,70
-.1546632,.5333334,.5,58,15,0,70
-.8674831,.5333334,.5,58,15,1,70
-.3643161,.5714286,.5,58,21,0,71
-.0288714,.5714286,.5,58,21,1,71
.3065732,.5714286,.5,58,21,0,71
-.0288714,.5714286,.5,58,21,0,71
-.2594897,.5714286,.5,58,21,1,71
.8936014,.5714286,.5,58,21,0,71
-1.077136,.5714286,.5,58,21,0,71
1.061324,.5714286,.5,58,21,0,71
.7258791,.5714286,.5,58,21,1,71
-.3643161,.5714286,.5,58,21,0,71
.5791221,.5714286,.5,58,21,1,71
.7258791,.5714286,.5,58,21,1,71
.1807815,.5714286,.5,58,21,0,71
.1807815,.5714286,.5,58,21,1,71
-.0288714,.5714286,.5,58,21,1,71
-.9723096,.5714286,.5,58,21,1,71
.7258791,.5714286,.5,58,21,1,71
-.0288714,.5714286,.5,58,21,1,71
-.8674831,.5714286,.5,58,21,0,71
-.5530037,.4090909,.5,58,22,0,72
-.5530037,.4090909,.5,58,22,1,72
1.543525,.4090909,.5,58,22,0,72
.3065732,.4090909,.5,58,22,1,72
.3065732,.4090909,.5,58,22,0,72
-.5530037,.4090909,.5,58,22,0,72
.075955,.4090909,.5,58,22,0,72
-1.412581,.4090909,.5,58,22,0,72
-.1546632,.4090909,.5,58,22,0,72
-.5530037,.4090909,.5,58,22,0,72
.8936014,.4090909,.5,58,22,0,72
.5791221,.4090909,.5,58,22,0,72
.5791221,.4090909,.5,58,22,1,72
1.291942,.4090909,.5,58,22,1,72
.1807815,.4090909,.5,58,22,0,72
.7258791,.4090909,.5,58,22,0,72
-.0288714,.4090909,.5,58,22,1,72
.5791221,.4090909,.5,58,22,1,72
1.899935,.4090909,.5,58,22,0,72
-1.077136,.4090909,.5,58,22,1,72
.7258791,.6363636,.5277778,72,22,1,73
-.2594897,.6363636,.5277778,72,22,1,73
1.291942,.6363636,.5277778,72,22,1,73
1.543525,.6363636,.5277778,72,22,0,73
.7258791,.6363636,.5277778,72,22,1,73
2.445033,.6363636,.5277778,72,22,0,73
.1807815,.6363636,.5277778,72,22,1,73
.3065732,.6363636,.5277778,72,22,1,73
1.899935,.6363636,.5277778,72,22,1,73
.8936014,.6363636,.5277778,72,22,1,73
1.543525,.6363636,.5277778,72,22,1,73
.8936014,.6363636,.5277778,72,22,0,73
1.061324,.6363636,.5277778,72,22,1,73
.3065732,.6363636,.5277778,72,22,0,73
1.291942,.6363636,.5277778,72,22,1,73
1.543525,.6363636,.5277778,72,22,0,73
2.9482,.6363636,.5277778,72,22,1,73
-.0288714,.6363636,.5277778,72,22,0,73
.7258791,.6363636,.5277778,72,22,0,73
-1.538373,.4545455,.5277778,72,22,0,74
-.4691426,.4545455,.5277778,72,22,1,74
-.5530037,.4545455,.5277778,72,22,1,74
.1807815,.4545455,.5277778,72,22,0,74
.1807815,.4545455,.5277778,72,22,0,74
-1.307754,.4545455,.5277778,72,22,1,74
.7258791,.4545455,.5277778,72,22,1,74
-.6578302,.4545455,.5277778,72,22,1,74
.3065732,.4545455,.5277778,72,22,0,74
.1807815,.4545455,.5277778,72,22,0,74
-.1546632,.4545455,.5277778,72,22,1,74
.5791221,.4545455,.5277778,72,22,0,74
.432365,.4545455,.5277778,72,22,0,74
.1807815,.4545455,.5277778,72,22,1,74
1.061324,.4545455,.5277778,72,22,1,74
.432365,.4545455,.5277778,72,22,1,74
.3065732,.4545455,.5277778,72,22,0,74
-.4691426,.4545455,.5277778,72,22,0,74
-.0288714,.4545455,.5277778,72,22,0,74
-.9723096,.4545455,.5277778,72,22,1,74
.8936014,.4545455,.5277778,72,22,0,74
-1.538373,.3846154,.5277778,72,13,1,75
.5791221,.3846154,.5277778,72,13,1,75
-1.412581,.3846154,.5277778,72,13,0,75
-.7626567,.3846154,.5277778,72,13,0,75
-.0288714,.3846154,.5277778,72,13,1,75
-1.077136,.3846154,.5277778,72,13,1,75
.3065732,.3846154,.5277778,72,13,0,75
-.6578302,.3846154,.5277778,72,13,0,75
-.6578302,.3846154,.5277778,72,13,1,75
-.4691426,.3846154,.5277778,72,13,0,75
-1.307754,.3846154,.5277778,72,13,0,75
-.8674831,.6,.5277778,72,15,1,76
-.0288714,.6,.5277778,72,15,0,76
-.9723096,.6,.5277778,72,15,1,76
.7258791,.6,.5277778,72,15,1,76
-1.68513,.6,.5277778,72,15,0,76
-.6578302,.6,.5277778,72,15,1,76
-.4691426,.6,.5277778,72,15,0,76
-.6578302,.6,.5277778,72,15,1,76
-1.181962,.6,.5277778,72,15,1,76
-.4691426,.6,.5277778,72,15,0,76
-.3643161,.6,.5277778,72,15,0,76
.8936014,.6,.5277778,72,15,1,76
-.2594897,.6,.5277778,72,15,0,76
1.291942,.6428571,.4827586,58,14,1,77
-.2594897,.6428571,.4827586,58,14,1,77
-.0288714,.6428571,.4827586,58,14,1,77
.8936014,.6428571,.4827586,58,14,1,77
-.9723096,.6428571,.4827586,58,14,1,77
1.061324,.6428571,.4827586,58,14,0,77
.7258791,.6428571,.4827586,58,14,1,77
1.899935,.6428571,.4827586,58,14,1,77
.8936014,.6428571,.4827586,58,14,0,77
.5791221,.6428571,.4827586,58,14,1,77
1.291942,.6428571,.4827586,58,14,0,77
1.061324,.6428571,.4827586,58,14,0,77
.7258791,.6428571,.4827586,58,14,0,77
2.9482,.6428571,.4827586,58,14,1,77
.075955,.4545455,.4827586,58,22,0,78
-.5530037,.4545455,.4827586,58,22,1,78
-.8674831,.4545455,.4827586,58,22,0,78
-.8674831,.4545455,.4827586,58,22,1,78
-.1546632,.4545455,.4827586,58,22,0,78
1.061324,.4545455,.4827586,58,22,0,78
-1.538373,.4545455,.4827586,58,22,1,78
-1.077136,.4545455,.4827586,58,22,1,78
.3065732,.4545455,.4827586,58,22,1,78
-.4691426,.4545455,.4827586,58,22,0,78
.075955,.4545455,.4827586,58,22,0,78
-.7626567,.4545455,.4827586,58,22,1,78
.075955,.4545455,.4827586,58,22,0,78
-.1546632,.4545455,.4827586,58,22,1,78
.1807815,.4545455,.4827586,58,22,1,78
.432365,.4545455,.4827586,58,22,1,78
.5791221,.4545455,.4827586,58,22,1,78
-.6578302,.4545455,.4827586,58,22,0,78
.7258791,.4545455,.4827586,58,22,0,78
2.445033,.4545455,.4827586,58,22,0,78
2.445033,.4090909,.4827586,58,22,1,79
-.0288714,.4090909,.4827586,58,22,1,79
-1.68513,.4090909,.4827586,58,22,0,79
-.4691426,.4090909,.4827586,58,22,0,79
2.9482,.4090909,.4827586,58,22,0,79
1.543525,.4090909,.4827586,58,22,0,79
2.445033,.4090909,.4827586,58,22,0,79
-.1546632,.4090909,.4827586,58,22,0,79
1.291942,.4090909,.4827586,58,22,1,79
1.291942,.4090909,.4827586,58,22,1,79
1.291942,.4090909,.4827586,58,22,1,79
-.8674831,.4090909,.4827586,58,22,0,79
2.445033,.4090909,.4827586,58,22,0,79
-.3643161,.4090909,.4827586,58,22,0,79
-1.077136,.4090909,.4827586,58,22,0,79
.1807815,.4090909,.4827586,58,22,1,79
2.445033,.4090909,.4827586,58,22,0,79
1.543525,.4090909,.4827586,58,22,0,79
2.445033,.4090909,.4827586,58,22,1,79
1.899935,.4090909,.4827586,58,22,1,79
2.9482,.4090909,.4827586,58,22,1,79
2.445033,.4090909,.4827586,58,22,0,79
-1.307754,.7272727,.5915493,71,22,0,80
1.543525,.7272727,.5915493,71,22,1,80
-.3643161,.7272727,.5915493,71,22,1,80
.5791221,.7272727,.5915493,71,22,1,80
1.899935,.7272727,.5915493,71,22,1,80
1.899935,.7272727,.5915493,71,22,1,80
1.061324,.7272727,.5915493,71,22,0,80
1.899935,.7272727,.5915493,71,22,0,80
2.9482,.7272727,.5915493,71,22,0,80
.432365,.7272727,.5915493,71,22,1,80
.075955,.7272727,.5915493,71,22,1,80
.432365,.7272727,.5915493,71,22,0,80
1.899935,.7272727,.5915493,71,22,1,80
.432365,.7272727,.5915493,71,22,1,80
1.543525,.7272727,.5915493,71,22,1,80
1.543525,.7272727,.5915493,71,22,1,80
-.7626567,.7272727,.5915493,71,22,0,80
1.291942,.7272727,.5915493,71,22,1,80
.5791221,.7272727,.5915493,71,22,1,80
1.899935,.7272727,.5915493,71,22,1,80
-.3643161,.6666667,.5915493,71,12,1,81
.075955,.6666667,.5915493,71,12,0,81
-1.077136,.6666667,.5915493,71,12,1,81
1.899935,.6666667,.5915493,71,12,0,81
-.1546632,.6666667,.5915493,71,12,1,81
-.6578302,.6666667,.5915493,71,12,0,81
.432365,.6666667,.5915493,71,12,1,81
-.3643161,.6666667,.5915493,71,12,1,81
1.291942,.6666667,.5915493,71,12,1,81
-.3643161,.6666667,.5915493,71,12,1,81
-.0288714,.4285714,.5915493,71,14,0,82
-.9723096,.4285714,.5915493,71,14,1,82
1.543525,.4285714,.5915493,71,14,0,82
1.899935,.4285714,.5915493,71,14,0,82
.075955,.4285714,.5915493,71,14,0,82
-.2594897,.4285714,.5915493,71,14,0,82
1.543525,.4285714,.5915493,71,14,1,82
2.445033,.4285714,.5915493,71,14,1,82
-.1546632,.4285714,.5915493,71,14,1,82
-.0288714,.4285714,.5915493,71,14,1,82
1.899935,.4285714,.5915493,71,14,1,82
1.899935,.4285714,.5915493,71,14,0,82
1.543525,.4285714,.5915493,71,14,0,82
2.9482,.4285714,.5915493,71,14,0,82
-.1546632,.5217391,.5915493,71,23,0,83
-.2594897,.5217391,.5915493,71,23,0,83
-.6578302,.5217391,.5915493,71,23,1,83
-.2594897,.5217391,.5915493,71,23,1,83
-.3643161,.5217391,.5915493,71,23,1,83
-.3643161,.5217391,.5915493,71,23,1,83
-.6578302,.5217391,.5915493,71,23,1,83
-.0288714,.5217391,.5915493,71,23,1,83
.7258791,.5217391,.5915493,71,23,0,83
-.9723096,.5217391,.5915493,71,23,0,83
-1.307754,.5217391,.5915493,71,23,1,83
.5791221,.5217391,.5915493,71,23,0,83
-.6578302,.5217391,.5915493,71,23,0,83
1.899935,.5217391,.5915493,71,23,1,83
-.3643161,.5217391,.5915493,71,23,0,83
-.4691426,.5217391,.5915493,71,23,0,83
2.9482,.5217391,.5915493,71,23,0,83
-.4691426,.5217391,.5915493,71,23,1,83
-.3643161,.5217391,.5915493,71,23,1,83
-.5530037,.5217391,.5915493,71,23,0,83
.432365,.5217391,.5915493,71,23,1,83
-.0288714,.5217391,.5915493,71,23,1,83
-1.077136,.48,.5185185,108,25,1,84
1.061324,.48,.5185185,108,25,1,84
.075955,.48,.5185185,108,25,1,84
.7258791,.48,.5185185,108,25,0,84
-.8674831,.48,.5185185,108,25,1,84
-.1546632,.48,.5185185,108,25,0,84
.432365,.48,.5185185,108,25,1,84
-.0288714,.48,.5185185,108,25,0,84
.8936014,.48,.5185185,108,25,1,84
.432365,.48,.5185185,108,25,1,84
-.0288714,.48,.5185185,108,25,0,84
.075955,.48,.5185185,108,25,0,84
-.5530037,.48,.5185185,108,25,1,84
-.6578302,.48,.5185185,108,25,0,84
-.0288714,.48,.5185185,108,25,0,84
2.445033,.48,.5185185,108,25,1,84
-1.810921,.48,.5185185,108,25,1,84
.7258791,.48,.5185185,108,25,0,84
.1807815,.48,.5185185,108,25,1,84
-.8674831,.48,.5185185,108,25,0,84
-.3643161,.48,.5185185,108,25,0,84
-.5530037,.48,.5185185,108,25,1,84
-.5530037,.3333333,.5185185,108,24,1,85
-.5530037,.3333333,.5185185,108,24,1,85
-.0288714,.3333333,.5185185,108,24,1,85
-.3643161,.3333333,.5185185,108,24,1,85
-.1546632,.3333333,.5185185,108,24,0,85
.432365,.3333333,.5185185,108,24,0,85
.075955,.3333333,.5185185,108,24,1,85
-.4691426,.3333333,.5185185,108,24,0,85
-.1546632,.3333333,.5185185,108,24,1,85
-.4691426,.3333333,.5185185,108,24,0,85
1.061324,.3333333,.5185185,108,24,1,85
-.9723096,.3333333,.5185185,108,24,0,85
-2.125401,.3333333,.5185185,108,24,0,85
.075955,.3333333,.5185185,108,24,0,85
-1.538373,.3333333,.5185185,108,24,0,85
-.0288714,.3333333,.5185185,108,24,0,85
-.7626567,.3333333,.5185185,108,24,0,85
.5791221,.5185185,.5185185,108,27,0,86
-.9723096,.5185185,.5185185,108,27,1,86
-.6578302,.5185185,.5185185,108,27,0,86
1.543525,.5185185,.5185185,108,27,0,86
.432365,.5185185,.5185185,108,27,1,86
-.4691426,.5185185,.5185185,108,27,0,86
1.543525,.5185185,.5185185,108,27,1,86
.432365,.5185185,.5185185,108,27,1,86
-.0288714,.5185185,.5185185,108,27,0,86
-.6578302,.5185185,.5185185,108,27,0,86
1.543525,.5185185,.5185185,108,27,0,86
.7258791,.5185185,.5185185,108,27,0,86
.8936014,.5185185,.5185185,108,27,1,86
1.291942,.5185185,.5185185,108,27,1,86
.3065732,.5185185,.5185185,108,27,1,86
-.2594897,.5185185,.5185185,108,27,1,86
.075955,.5185185,.5185185,108,27,0,86
.075955,.5185185,.5185185,108,27,1,86
-.5530037,.5185185,.5185185,108,27,0,86
-.4691426,.5185185,.5185185,108,27,1,86
1.061324,.5185185,.5185185,108,27,1,86
.1807815,.5185185,.5185185,108,27,1,86
.075955,.5185185,.5185185,108,27,0,86
-.1546632,.5185185,.5185185,108,27,0,86
1.291942,.5185185,.5185185,108,27,1,86
.5791221,.75,.5185185,108,16,1,87
.8936014,.75,.5185185,108,16,0,87
.1807815,.75,.5185185,108,16,1,87
.075955,.75,.5185185,108,16,0,87
.3065732,.75,.5185185,108,16,1,87
.075955,.75,.5185185,108,16,1,87
.432365,.75,.5185185,108,16,1,87
1.061324,.75,.5185185,108,16,1,87
-.3643161,.75,.5185185,108,16,0,87
-.3643161,.75,.5185185,108,16,1,87
2.445033,.75,.5185185,108,16,1,87
.5791221,.75,.5185185,108,16,1,87
.075955,.75,.5185185,108,16,0,87
.432365,.75,.5185185,108,16,1,87
-.4691426,.625,.5185185,108,16,0,88
-1.181962,.625,.5185185,108,16,1,88
-1.077136,.625,.5185185,108,16,1,88
-1.181962,.625,.5185185,108,16,1,88
.075955,.625,.5185185,108,16,0,88
-.2594897,.625,.5185185,108,16,1,88
-1.077136,.625,.5185185,108,16,0,88
-.4691426,.625,.5185185,108,16,0,88
.8936014,.625,.5185185,108,16,1,88
-.4691426,.625,.5185185,108,16,1,88
.5791221,.625,.5185185,108,16,1,88
-1.412581,.625,.5185185,108,16,0,88
-.5530037,.625,.5185185,108,16,1,88
-.7626567,.625,.5185185,108,16,1,88
-.6578302,.625,.5185185,108,16,0,88
-1.412581,.6315789,.5362319,69,19,1,89
-.8674831,.6315789,.5362319,69,19,0,89
.075955,.6315789,.5362319,69,19,1,89
.1807815,.6315789,.5362319,69,19,1,89
.3065732,.6315789,.5362319,69,19,1,89
-.8674831,.6315789,.5362319,69,19,0,89
-.1546632,.6315789,.5362319,69,19,1,89
.432365,.6315789,.5362319,69,19,1,89
-.3643161,.6315789,.5362319,69,19,1,89
-.1546632,.6315789,.5362319,69,19,1,89
-.8674831,.6315789,.5362319,69,19,0,89
.7258791,.6315789,.5362319,69,19,1,89
-.1546632,.6315789,.5362319,69,19,1,89
-.3643161,.6315789,.5362319,69,19,0,89
-.6578302,.6315789,.5362319,69,19,0,89
-.1546632,.6315789,.5362319,69,19,1,89
-.9723096,.6315789,.5362319,69,19,1,89
.1807815,.6315789,.5362319,69,19,0,89
-1.181962,.6315789,.5362319,69,19,0,89
-.3643161,.5333334,.5362319,69,15,1,90
.3065732,.5333334,.5362319,69,15,1,90
-.3643161,.5333334,.5362319,69,15,1,90
-1.077136,.5333334,.5362319,69,15,0,90
-1.077136,.5333334,.5362319,69,15,0,90
-.3643161,.5333334,.5362319,69,15,0,90
-.1546632,.5333334,.5362319,69,15,0,90
-.6578302,.5333334,.5362319,69,15,1,90
.075955,.5333334,.5362319,69,15,1,90
.3065732,.5333334,.5362319,69,15,0,90
.3065732,.5333334,.5362319,69,15,1,90
-.5530037,.5333334,.5362319,69,15,1,90
-.6578302,.5333334,.5362319,69,15,0,90
-.3643161,.5333334,.5362319,69,15,0,90
-.2594897,.5333334,.5362319,69,15,1,90
1.543525,.3,.5362319,69,20,1,91
-.2594897,.3,.5362319,69,20,0,91
-1.077136,.3,.5362319,69,20,0,91
-.0288714,.3,.5362319,69,20,0,91
-.7626567,.3,.5362319,69,20,1,91
1.543525,.3,.5362319,69,20,0,91
-1.307754,.3,.5362319,69,20,0,91
-.5530037,.3,.5362319,69,20,0,91
-.7626567,.3,.5362319,69,20,0,91
-.1546632,.3,.5362319,69,20,0,91
.1807815,.3,.5362319,69,20,1,91
-1.412581,.3,.5362319,69,20,0,91
-.5530037,.3,.5362319,69,20,1,91
-.7626567,.3,.5362319,69,20,0,91
-.3643161,.3,.5362319,69,20,0,91
-.6578302,.3,.5362319,69,20,1,91
-.5530037,.3,.5362319,69,20,0,91
-.1546632,.3,.5362319,69,20,1,91
-.1546632,.3,.5362319,69,20,0,91
.432365,.3,.5362319,69,20,0,91
-.1546632,.7333333,.5362319,69,15,1,92
-.8674831,.7333333,.5362319,69,15,1,92
-.5530037,.7333333,.5362319,69,15,1,92
-1.957678,.7333333,.5362319,69,15,1,92
-1.077136,.7333333,.5362319,69,15,0,92
-.4691426,.7333333,.5362319,69,15,1,92
.5791221,.7333333,.5362319,69,15,1,92
-.5530037,.7333333,.5362319,69,15,0,92
-1.538373,.7333333,.5362319,69,15,1,92
-.3643161,.7333333,.5362319,69,15,0,92
.1807815,.7333333,.5362319,69,15,1,92
.1807815,.7333333,.5362319,69,15,1,92
-.0288714,.7333333,.5362319,69,15,1,92
-.8674831,.7333333,.5362319,69,15,1,92
-1.538373,.7333333,.5362319,69,15,0,92
-.7626567,.3571429,.4459459,74,14,1,93
-.4691426,.3571429,.4459459,74,14,1,93
.3065732,.3571429,.4459459,74,14,0,93
-.1546632,.3571429,.4459459,74,14,0,93
-1.077136,.3571429,.4459459,74,14,0,93
.7258791,.3571429,.4459459,74,14,0,93
1.061324,.3571429,.4459459,74,14,1,93
-.4691426,.3571429,.4459459,74,14,0,93
.7258791,.3571429,.4459459,74,14,1,93
-.9723096,.3571429,.4459459,74,14,0,93
-.2594897,.3571429,.4459459,74,14,0,93
.5791221,.5652174,.4459459,74,23,1,94
.075955,.5652174,.4459459,74,23,1,94
.075955,.5652174,.4459459,74,23,0,94
.075955,.5652174,.4459459,74,23,0,94
-.4691426,.5652174,.4459459,74,23,0,94
-.4691426,.5652174,.4459459,74,23,0,94
-.9723096,.5652174,.4459459,74,23,0,94
-.1546632,.5652174,.4459459,74,23,1,94
.1807815,.5652174,.4459459,74,23,1,94
.3065732,.5652174,.4459459,74,23,1,94
-.8674831,.5652174,.4459459,74,23,0,94
-.0288714,.5652174,.4459459,74,23,1,94
-.4691426,.5652174,.4459459,74,23,0,94
-.4691426,.5652174,.4459459,74,23,0,94
-.7626567,.5652174,.4459459,74,23,0,94
-.5530037,.5652174,.4459459,74,23,1,94
-1.412581,.5652174,.4459459,74,23,0,94
-.2594897,.5652174,.4459459,74,23,1,94
-.9723096,.5652174,.4459459,74,23,1,94
-.1546632,.5652174,.4459459,74,23,1,94
-.7626567,.5652174,.4459459,74,23,1,94
.432365,.4166667,.4459459,74,24,0,95
1.899935,.4166667,.4459459,74,24,0,95
.3065732,.4166667,.4459459,74,24,0,95
-.3643161,.4166667,.4459459,74,24,0,95
.5791221,.4166667,.4459459,74,24,1,95
-.5530037,.4166667,.4459459,74,24,1,95
-.3643161,.4166667,.4459459,74,24,1,95
.8936014,.4166667,.4459459,74,24,0,95
-.7626567,.4166667,.4459459,74,24,0,95
-.0288714,.4166667,.4459459,74,24,0,95
-.8674831,.4166667,.4459459,74,24,1,95
.432365,.4166667,.4459459,74,24,1,95
-.2594897,.4166667,.4459459,74,24,0,95
.1807815,.4166667,.4459459,74,24,1,95
-.0288714,.4166667,.4459459,74,24,0,95
2.445033,.4166667,.4459459,74,24,1,95
-.2594897,.4166667,.4459459,74,24,0,95
.8936014,.4166667,.4459459,74,24,0,95
.1807815,.4166667,.4459459,74,24,0,95
.1807815,.4166667,.4459459,74,24,0,95
-.5530037,.4166667,.4459459,74,24,1,95
.075955,.4166667,.4459459,74,24,0,95
-.0288714,.3846154,.4459459,74,13,1,96
-1.077136,.3846154,.4459459,74,13,1,96
-.9723096,.3846154,.4459459,74,13,0,96
-.5530037,.3846154,.4459459,74,13,1,96
-1.077136,.3846154,.4459459,74,13,0,96
-.4691426,.3846154,.4459459,74,13,0,96
-1.412581,.3846154,.4459459,74,13,0,96
.3065732,.3846154,.4459459,74,13,1,96
-.2594897,.3846154,.4459459,74,13,0,96
1.899935,.3846154,.4459459,74,13,0,96
.432365,.4117647,.4545455,66,17,1,97
1.543525,.4117647,.4545455,66,17,1,97
-.4691426,.4117647,.4545455,66,17,0,97
-1.077136,.4117647,.4545455,66,17,0,97
-.9723096,.4117647,.4545455,66,17,0,97
-.2594897,.4117647,.4545455,66,17,1,97
1.291942,.4117647,.4545455,66,17,0,97
1.061324,.4117647,.4545455,66,17,1,97
-1.538373,.4117647,.4545455,66,17,1,97
.1807815,.4117647,.4545455,66,17,0,97
-.6578302,.4117647,.4545455,66,17,1,97
-.3643161,.4117647,.4545455,66,17,0,97
1.061324,.4117647,.4545455,66,17,0,97
.3065732,.4583333,.4545455,66,24,1,98
-1.077136,.4583333,.4545455,66,24,0,98
.1807815,.4583333,.4545455,66,24,1,98
-1.538373,.4583333,.4545455,66,24,1,98
-1.077136,.4583333,.4545455,66,24,0,98
1.291942,.4583333,.4545455,66,24,0,98
.3065732,.4583333,.4545455,66,24,1,98
-2.125401,.4583333,.4545455,66,24,0,98
-.5530037,.4583333,.4545455,66,24,0,98
.1807815,.4583333,.4545455,66,24,0,98
.3065732,.4583333,.4545455,66,24,0,98
.7258791,.4583333,.4545455,66,24,1,98
-1.077136,.4583333,.4545455,66,24,0,98
-1.181962,.4583333,.4545455,66,24,1,98
-1.307754,.4583333,.4545455,66,24,0,98
-1.077136,.4583333,.4545455,66,24,1,98
-.8674831,.4583333,.4545455,66,24,1,98
-.6578302,.4583333,.4545455,66,24,0,98
-.3643161,.4583333,.4545455,66,24,0,98
-.8674831,.4583333,.4545455,66,24,0,98
-.0288714,.4583333,.4545455,66,24,1,98
.3065732,.4583333,.4545455,66,24,1,98
-.6578302,.4583333,.4545455,66,24,0,98
-.9723096,.4583333,.4545455,66,24,1,98
-.0288714,.48,.4545455,66,25,1,99
.1807815,.48,.4545455,66,25,0,99
-1.810921,.48,.4545455,66,25,0,99
-.5530037,.48,.4545455,66,25,0,99
.3065732,.48,.4545455,66,25,1,99
-.2594897,.48,.4545455,66,25,0,99
-.6578302,.48,.4545455,66,25,1,99
-.4691426,.48,.4545455,66,25,0,99
.1807815,.48,.4545455,66,25,1,99
-.6578302,.48,.4545455,66,25,1,99
-.9723096,.48,.4545455,66,25,0,99
1.061324,.48,.4545455,66,25,1,99
-.8674831,.48,.4545455,66,25,0,99
-1.181962,.48,.4545455,66,25,1,99
-.1546632,.48,.4545455,66,25,1,99
-.6578302,.48,.4545455,66,25,0,99
-1.412581,.48,.4545455,66,25,0,99
-.5530037,.48,.4545455,66,25,1,99
-1.307754,.48,.4545455,66,25,0,99
.432365,.48,.4545455,66,25,0,99
-.3643161,.48,.4545455,66,25,1,99
-.7626567,.48,.4545455,66,25,0,99
-.2594897,.48,.4545455,66,25,0,99
-.5530037,.6923077,.5102041,49,13,0,100
1.061324,.6923077,.5102041,49,13,0,100
-.5530037,.6923077,.5102041,49,13,0,100
1.291942,.6923077,.5102041,49,13,1,100
.432365,.6923077,.5102041,49,13,1,100
-.8674831,.6923077,.5102041,49,13,1,100
-.6578302,.6923077,.5102041,49,13,0,100
.7258791,.6923077,.5102041,49,13,1,100
1.899935,.6923077,.5102041,49,13,1,100
.1807815,.6923077,.5102041,49,13,1,100
.1807815,.6923077,.5102041,49,13,1,100
.432365,.6923077,.5102041,49,13,1,100
-.6578302,.368421,.5102041,49,19,0,101
2.445033,.368421,.5102041,49,19,0,101
.5791221,.368421,.5102041,49,19,1,101
-.7626567,.368421,.5102041,49,19,1,101
.7258791,.368421,.5102041,49,19,0,101
-1.077136,.368421,.5102041,49,19,1,101
-1.307754,.368421,.5102041,49,19,0,101
-1.68513,.368421,.5102041,49,19,1,101
-.6578302,.368421,.5102041,49,19,1,101
-.1546632,.368421,.5102041,49,19,0,101
-1.307754,.368421,.5102041,49,19,0,101
-.0288714,.368421,.5102041,49,19,0,101
.075955,.368421,.5102041,49,19,0,101
.432365,.368421,.5102041,49,19,1,101
-.0288714,.368421,.5102041,49,19,0,101
.432365,.368421,.5102041,49,19,0,101
-.6578302,.368421,.5102041,49,19,1,101
-.4691426,.5294118,.5102041,49,17,0,102
-.1546632,.5294118,.5102041,49,17,0,102
1.899935,.5294118,.5102041,49,17,0,102
-.2594897,.5294118,.5102041,49,17,0,102
-.7626567,.5294118,.5102041,49,17,0,102
-1.810921,.5294118,.5102041,49,17,0,102
1.899935,.5294118,.5102041,49,17,1,102
-.0288714,.5294118,.5102041,49,17,1,102
-1.181962,.5294118,.5102041,49,17,0,102
-.2594897,.5294118,.5102041,49,17,1,102
-.1546632,.5294118,.5102041,49,17,1,102
-.8674831,.5294118,.5102041,49,17,1,102
-.9723096,.5294118,.5102041,49,17,0,102
-.7626567,.5294118,.5102041,49,17,1,102
-.4691426,.5294118,.5102041,49,17,1,102
-.2594897,.5294118,.5102041,49,17,1,102
-.1546632,.65,.4482759,58,20,1,103
-.3643161,.65,.4482759,58,20,1,103
-.1546632,.65,.4482759,58,20,1,103
.8936014,.65,.4482759,58,20,1,103
-.9723096,.65,.4482759,58,20,1,103
1.543525,.65,.4482759,58,20,1,103
-.0288714,.65,.4482759,58,20,1,103
-.5530037,.65,.4482759,58,20,1,103
-.5530037,.65,.4482759,58,20,0,103
-.3643161,.65,.4482759,58,20,1,103
.075955,.65,.4482759,58,20,0,103
-.0288714,.65,.4482759,58,20,1,103
1.291942,.65,.4482759,58,20,0,103
.432365,.65,.4482759,58,20,1,103
.7258791,.65,.4482759,58,20,1,103
-.0288714,.65,.4482759,58,20,0,103
-.0288714,.65,.4482759,58,20,0,103
-.0288714,.65,.4482759,58,20,0,103
.432365,.65,.4482759,58,20,1,103
.5791221,.65,.4482759,58,20,0,103
.7258791,.3125,.4482759,58,16,0,104
-1.68513,.3125,.4482759,58,16,1,104
.3065732,.3125,.4482759,58,16,0,104
1.291942,.3125,.4482759,58,16,1,104
-.3643161,.3125,.4482759,58,16,0,104
.5791221,.3125,.4482759,58,16,0,104
.432365,.3125,.4482759,58,16,0,104
1.543525,.3125,.4482759,58,16,0,104
.7258791,.3125,.4482759,58,16,1,104
1.061324,.3125,.4482759,58,16,0,104
-.9723096,.3125,.4482759,58,16,0,104
1.291942,.3125,.4482759,58,16,0,104
-.4691426,.3125,.4482759,58,16,1,104
.5791221,.3125,.4482759,58,16,1,104
-.2594897,.3125,.4482759,58,16,0,104
.432365,.3125,.4482759,58,16,0,104
1.061324,.3636364,.4482759,58,22,0,105
.1807815,.3636364,.4482759,58,22,0,105
.5791221,.3636364,.4482759,58,22,1,105
-1.412581,.3636364,.4482759,58,22,0,105
1.543525,.3636364,.4482759,58,22,0,105
-.0288714,.3636364,.4482759,58,22,0,105
.1807815,.3636364,.4482759,58,22,0,105
1.061324,.3636364,.4482759,58,22,1,105
.3065732,.3636364,.4482759,58,22,1,105
-.4691426,.3636364,.4482759,58,22,0,105
-.3643161,.3636364,.4482759,58,22,0,105
-.9723096,.3636364,.4482759,58,22,0,105
.1807815,.3636364,.4482759,58,22,1,105
.5791221,.3636364,.4482759,58,22,0,105
1.543525,.3636364,.4482759,58,22,0,105
-.2594897,.3636364,.4482759,58,22,1,105
.432365,.3636364,.4482759,58,22,1,105
-.2594897,.3636364,.4482759,58,22,0,105
.7258791,.3636364,.4482759,58,22,1,105
.075955,.3636364,.4482759,58,22,0,105
.3065732,.3636364,.4482759,58,22,0,105
1.291942,.3636364,.4482759,58,22,1,105
.8936014,.5882353,.5696203,79,17,1,106
.5791221,.5882353,.5696203,79,17,1,106
-1.412581,.5882353,.5696203,79,17,0,106
.5791221,.5882353,.5696203,79,17,0,106
.5791221,.5882353,.5696203,79,17,1,106
.1807815,.5882353,.5696203,79,17,0,106
.1807815,.5882353,.5696203,79,17,0,106
.8936014,.5882353,.5696203,79,17,1,106
.075955,.5882353,.5696203,79,17,1,106
-1.68513,.5882353,.5696203,79,17,0,106
.075955,.5882353,.5696203,79,17,1,106
.3065732,.5882353,.5696203,79,17,0,106
-2.754359,.5882353,.5696203,79,17,1,106
.432365,.625,.5696203,79,16,0,107
-.5530037,.625,.5696203,79,16,1,107
2.445033,.625,.5696203,79,16,1,107
2.445033,.625,.5696203,79,16,1,107
.5791221,.625,.5696203,79,16,1,107
-1.412581,.625,.5696203,79,16,1,107
1.543525,.625,.5696203,79,16,0,107
.5791221,.625,.5696203,79,16,0,107
1.291942,.625,.5696203,79,16,1,107
.8936014,.625,.5696203,79,16,0,107
1.061324,.625,.5696203,79,16,0,107
1.543525,.625,.5696203,79,16,1,107
1.061324,.625,.5696203,79,16,1,107
.7258791,.625,.5696203,79,16,0,107
2.9482,.625,.5696203,79,16,1,107
.8936014,.7272727,.5696203,79,22,0,108
.5791221,.7272727,.5696203,79,22,1,108
-.5530037,.7272727,.5696203,79,22,1,108
-.3643161,.7272727,.5696203,79,22,1,108
-.6578302,.7272727,.5696203,79,22,1,108
1.543525,.7272727,.5696203,79,22,1,108
.5791221,.7272727,.5696203,79,22,1,108
1.899935,.7272727,.5696203,79,22,1,108
.5791221,.7272727,.5696203,79,22,1,108
.3065732,.7272727,.5696203,79,22,1,108
1.543525,.7272727,.5696203,79,22,0,108
.8936014,.7272727,.5696203,79,22,0,108
1.291942,.7272727,.5696203,79,22,1,108
.8936014,.7272727,.5696203,79,22,0,108
.432365,.7272727,.5696203,79,22,1,108
.432365,.7272727,.5696203,79,22,1,108
1.061324,.7272727,.5696203,79,22,0,108
.8936014,.7272727,.5696203,79,22,1,108
-.6578302,.7272727,.5696203,79,22,0,108
.5791221,.7272727,.5696203,79,22,1,108
.7258791,.7272727,.5696203,79,22,1,108
-.1546632,.375,.5696203,79,24,0,109
-.3643161,.375,.5696203,79,24,1,109
.5791221,.375,.5696203,79,24,0,109
.432365,.375,.5696203,79,24,0,109
-.0288714,.375,.5696203,79,24,1,109
-1.307754,.375,.5696203,79,24,0,109
-.8674831,.375,.5696203,79,24,0,109
.5791221,.375,.5696203,79,24,0,109
-.6578302,.375,.5696203,79,24,0,109
1.899935,.375,.5696203,79,24,0,109
.1807815,.375,.5696203,79,24,1,109
.075955,.375,.5696203,79,24,0,109
-1.181962,.375,.5696203,79,24,1,109
-.2594897,.375,.5696203,79,24,0,109
-.6578302,.375,.5696203,79,24,0,109
.075955,.375,.5696203,79,24,0,109
-1.077136,.375,.5696203,79,24,1,109
-.7626567,.375,.5696203,79,24,0,109
-.5530037,.375,.5696203,79,24,0,109
.432365,.375,.5696203,79,24,1,109
1.899935,.375,.5696203,79,24,1,109
-.3643161,.375,.5696203,79,24,1,109
.075955,.375,.5696203,79,24,0,109
2.445033,.5714286,.4782609,115,14,0,110
.8936014,.5714286,.4782609,115,14,1,110
.432365,.5714286,.4782609,115,14,0,110
.3065732,.5714286,.4782609,115,14,1,110
.7258791,.5714286,.4782609,115,14,1,110
-.6578302,.5714286,.4782609,115,14,1,110
.5791221,.5714286,.4782609,115,14,0,110
1.543525,.5714286,.4782609,115,14,0,110
.7258791,.5714286,.4782609,115,14,1,110
1.899935,.5714286,.4782609,115,14,1,110
1.291942,.5714286,.4782609,115,14,0,110
1.899935,.5714286,.4782609,115,14,1,110
.7258791,.5714286,.4782609,115,14,0,110
.8936014,.5714286,.4782609,115,14,1,110
.7258791,.4090909,.4782609,115,22,0,111
.8936014,.4090909,.4782609,115,22,0,111
.8936014,.4090909,.4782609,115,22,0,111
-.7626567,.4090909,.4782609,115,22,0,111
1.291942,.4090909,.4782609,115,22,1,111
.1807815,.4090909,.4782609,115,22,0,111
.075955,.4090909,.4782609,115,22,0,111
-1.077136,.4090909,.4782609,115,22,1,111
-.0288714,.4090909,.4782609,115,22,1,111
-.6578302,.4090909,.4782609,115,22,0,111
.075955,.4090909,.4782609,115,22,0,111
1.061324,.4090909,.4782609,115,22,1,111
-.5530037,.4090909,.4782609,115,22,1,111
.5791221,.4090909,.4782609,115,22,1,111
.1807815,.4090909,.4782609,115,22,1,111
-.6578302,.4090909,.4782609,115,22,0,111
.432365,.4090909,.4782609,115,22,0,111
1.061324,.4090909,.4782609,115,22,1,111
1.061324,.4090909,.4782609,115,22,1,111
-.5530037,.4090909,.4782609,115,22,0,111
-.4691426,.4090909,.4782609,115,22,0,111
.075955,.4090909,.4782609,115,22,0,111
-.4691426,.5454546,.4782609,115,22,0,112
-.6578302,.5454546,.4782609,115,22,0,112
1.061324,.5454546,.4782609,115,22,1,112
-2.314088,.5454546,.4782609,115,22,0,112
-.2594897,.5454546,.4782609,115,22,1,112
-.9723096,.5454546,.4782609,115,22,0,112
.432365,.5454546,.4782609,115,22,1,112
-.4691426,.5454546,.4782609,115,22,0,112
.5791221,.5454546,.4782609,115,22,1,112
.3065732,.5454546,.4782609,115,22,1,112
-.5530037,.5454546,.4782609,115,22,0,112
.432365,.5454546,.4782609,115,22,0,112
-.9723096,.5454546,.4782609,115,22,1,112
-.4691426,.5454546,.4782609,115,22,0,112
-.1546632,.5454546,.4782609,115,22,0,112
-.4691426,.5454546,.4782609,115,22,0,112
-1.68513,.5454546,.4782609,115,22,1,112
-.6578302,.5454546,.4782609,115,22,1,112
-1.412581,.5454546,.4782609,115,22,1,112
-1.181962,.5454546,.4782609,115,22,1,112
-.5530037,.5454546,.4782609,115,22,1,112
.432365,.5454546,.4782609,115,22,1,112
1.899935,.4761905,.4782609,115,21,0,113
1.061324,.4761905,.4782609,115,21,1,113
.3065732,.4761905,.4782609,115,21,0,113
-1.077136,.4761905,.4782609,115,21,0,113
2.9482,.4761905,.4782609,115,21,1,113
-1.077136,.4761905,.4782609,115,21,1,113
1.061324,.4761905,.4782609,115,21,1,113
.5791221,.4761905,.4782609,115,21,1,113
.3065732,.4761905,.4782609,115,21,0,113
1.291942,.4761905,.4782609,115,21,0,113
1.543525,.4761905,.4782609,115,21,0,113
-.0288714,.4761905,.4782609,115,21,1,113
1.543525,.4761905,.4782609,115,21,1,113
1.061324,.4761905,.4782609,115,21,0,113
1.291942,.4761905,.4782609,115,21,0,113
-.2594897,.4761905,.4782609,115,21,1,113
.432365,.4761905,.4782609,115,21,0,113
1.543525,.4761905,.4782609,115,21,1,113
.8936014,.4761905,.4782609,115,21,1,113
-.4691426,.4761905,.4782609,115,21,0,113
.8936014,.2857143,.4782609,115,21,1,114
1.061324,.2857143,.4782609,115,21,0,114
-.0288714,.2857143,.4782609,115,21,1,114
.5791221,.2857143,.4782609,115,21,0,114
.3065732,.2857143,.4782609,115,21,0,114
.3065732,.2857143,.4782609,115,21,0,114
-.2594897,.2857143,.4782609,115,21,0,114
1.543525,.2857143,.4782609,115,21,0,114
.3065732,.2857143,.4782609,115,21,1,114
1.543525,.2857143,.4782609,115,21,0,114
-1.957678,.2857143,.4782609,115,21,0,114
1.291942,.2857143,.4782609,115,21,1,114
-.1546632,.2857143,.4782609,115,21,0,114
.1807815,.2857143,.4782609,115,21,0,114
1.061324,.2857143,.4782609,115,21,0,114
.075955,.2857143,.4782609,115,21,0,114
1.061324,.2857143,.4782609,115,21,0,114
1.543525,.2857143,.4782609,115,21,1,114
1.061324,.2857143,.4782609,115,21,0,114
.8936014,.6666667,.4782609,115,15,1,115
.7258791,.6666667,.4782609,115,15,0,115
1.543525,.6666667,.4782609,115,15,1,115
-.2594897,.6666667,.4782609,115,15,1,115
-.7626567,.6666667,.4782609,115,15,0,115
1.061324,.6666667,.4782609,115,15,1,115
.7258791,.6666667,.4782609,115,15,0,115
-.2594897,.6666667,.4782609,115,15,1,115
.3065732,.6666667,.4782609,115,15,1,115
-.0288714,.6666667,.4782609,115,15,1,115
1.899935,.6666667,.4782609,115,15,1,115
.8936014,.6666667,.4782609,115,15,1,115
.8936014,.6666667,.4782609,115,15,1,115
.5791221,.6666667,.4782609,115,15,0,115
1.061324,.6666667,.4782609,115,15,0,115
-.0288714,.4705882,.4895833,96,17,1,116
-.5530037,.4705882,.4895833,96,17,0,116
.5791221,.4705882,.4895833,96,17,0,116
.075955,.4705882,.4895833,96,17,1,116
-1.181962,.4705882,.4895833,96,17,0,116
-.3643161,.4705882,.4895833,96,17,1,116
-.8674831,.4705882,.4895833,96,17,0,116
-.2594897,.4705882,.4895833,96,17,1,116
.5791221,.4705882,.4895833,96,17,0,116
-.6578302,.4705882,.4895833,96,17,1,116
-.5530037,.4705882,.4895833,96,17,1,116
.1807815,.4705882,.4895833,96,17,1,116
-.6578302,.4705882,.4895833,96,17,0,116
.3065732,.4705882,.4895833,96,17,1,116
-2.125401,.4705882,.4895833,96,17,0,116
.075955,.4705882,.4895833,96,17,0,116
-.6578302,.6190476,.4895833,96,21,1,117
1.899935,.6190476,.4895833,96,21,0,117
-.0288714,.6190476,.4895833,96,21,0,117
-.4691426,.6190476,.4895833,96,21,1,117
.1807815,.6190476,.4895833,96,21,1,117
-1.810921,.6190476,.4895833,96,21,0,117
-1.077136,.6190476,.4895833,96,21,0,117
.075955,.6190476,.4895833,96,21,1,117
.432365,.6190476,.4895833,96,21,1,117
-.3643161,.6190476,.4895833,96,21,1,117
-.7626567,.6190476,.4895833,96,21,1,117
-.7626567,.6190476,.4895833,96,21,0,117
-.9723096,.6190476,.4895833,96,21,0,117
1.899935,.6190476,.4895833,96,21,1,117
-.7626567,.6190476,.4895833,96,21,1,117
-.3643161,.6190476,.4895833,96,21,1,117
-.7626567,.6190476,.4895833,96,21,1,117
.1807815,.6190476,.4895833,96,21,0,117
-.5530037,.6190476,.4895833,96,21,0,117
.075955,.6190476,.4895833,96,21,1,117
-.8674831,.6190476,.4895833,96,21,1,117
-.7626567,.5625,.4895833,96,16,1,118
.5791221,.5625,.4895833,96,16,1,118
-.6578302,.5625,.4895833,96,16,0,118
.1807815,.5625,.4895833,96,16,1,118
.432365,.5625,.4895833,96,16,0,118
-.5530037,.5625,.4895833,96,16,1,118
-.2594897,.5625,.4895833,96,16,0,118
1.899935,.5625,.4895833,96,16,0,118
-.8674831,.5625,.4895833,96,16,1,118
.5791221,.5625,.4895833,96,16,1,118
-.2594897,.5625,.4895833,96,16,0,118
.1807815,.5625,.4895833,96,16,1,118
1.061324,.5625,.4895833,96,16,0,118
-.5530037,.5625,.4895833,96,16,1,118
1.543525,.5625,.4895833,96,16,1,118
-.8674831,.3043478,.4895833,96,23,0,119
-.7626567,.3043478,.4895833,96,23,0,119
-.0288714,.3043478,.4895833,96,23,1,119
-.5530037,.3043478,.4895833,96,23,0,119
-.5530037,.3043478,.4895833,96,23,0,119
-.2594897,.3043478,.4895833,96,23,0,119
-.2594897,.3043478,.4895833,96,23,0,119
.1807815,.3043478,.4895833,96,23,0,119
-.5530037,.3043478,.4895833,96,23,0,119
-1.181962,.3043478,.4895833,96,23,0,119
-.8674831,.3043478,.4895833,96,23,1,119
-.3643161,.3043478,.4895833,96,23,0,119
-.8674831,.3043478,.4895833,96,23,1,119
-.3643161,.3043478,.4895833,96,23,0,119
-1.181962,.3043478,.4895833,96,23,0,119
.075955,.3043478,.4895833,96,23,0,119
-1.307754,.3043478,.4895833,96,23,1,119
-1.077136,.3043478,.4895833,96,23,1,119
.432365,.3043478,.4895833,96,23,1,119
-.7626567,.3043478,.4895833,96,23,1,119
-.3643161,.3043478,.4895833,96,23,0,119
-.3643161,.3043478,.4895833,96,23,0,119
-1.412581,.5263158,.4895833,96,19,1,120
-.5530037,.5263158,.4895833,96,19,0,120
.3065732,.5263158,.4895833,96,19,0,120
.432365,.5263158,.4895833,96,19,0,120
.075955,.5263158,.4895833,96,19,1,120
-.4691426,.5263158,.4895833,96,19,1,120
.7258791,.5263158,.4895833,96,19,1,120
.075955,.5263158,.4895833,96,19,1,120
-.7626567,.5263158,.4895833,96,19,0,120
-2.125401,.5263158,.4895833,96,19,0,120
.432365,.5263158,.4895833,96,19,1,120
-1.810921,.5263158,.4895833,96,19,1,120
2.445033,.5263158,.4895833,96,19,0,120
.075955,.5263158,.4895833,96,19,1,120
-.1546632,.5263158,.4895833,96,19,0,120
1.543525,.5263158,.4895833,96,19,0,120
-.6578302,.5263158,.4895833,96,19,1,120
2.445033,.5263158,.4895833,96,19,0,120
-.0288714,.6875,.5744681,47,16,1,121
.7258791,.6875,.5744681,47,16,0,121
-.0288714,.6875,.5744681,47,16,1,121
.1807815,.6875,.5744681,47,16,1,121
-.5530037,.6875,.5744681,47,16,0,121
1.543525,.6875,.5744681,47,16,0,121
-.2594897,.6875,.5744681,47,16,1,121
.5791221,.6875,.5744681,47,16,1,121
.1807815,.6875,.5744681,47,16,0,121
.1807815,.6875,.5744681,47,16,0,121
1.543525,.6875,.5744681,47,16,1,121
.8936014,.6875,.5744681,47,16,1,121
-.2594897,.6875,.5744681,47,16,1,121
2.445033,.6875,.5744681,47,16,1,121
.5791221,.6875,.5744681,47,16,1,121
.075955,.4210526,.5744681,47,19,1,122
.432365,.4210526,.5744681,47,19,0,122
1.899935,.4210526,.5744681,47,19,0,122
-.3643161,.4210526,.5744681,47,19,0,122
-.6578302,.4210526,.5744681,47,19,0,122
-.0288714,.4210526,.5744681,47,19,0,122
.075955,.4210526,.5744681,47,19,0,122
.1807815,.4210526,.5744681,47,19,0,122
-.3643161,.4210526,.5744681,47,19,1,122
-.0288714,.4210526,.5744681,47,19,1,122
-.5530037,.4210526,.5744681,47,19,0,122
-.3643161,.4210526,.5744681,47,19,0,122
-.1546632,.4210526,.5744681,47,19,1,122
-.2594897,.4210526,.5744681,47,19,0,122
1.543525,.4210526,.5744681,47,19,1,122
-.4691426,.4210526,.5744681,47,19,1,122
.1807815,.4210526,.5744681,47,19,1,122
-.0288714,.6666667,.5744681,47,12,1,123
-.6578302,.6666667,.5744681,47,12,1,123
-.9723096,.6666667,.5744681,47,12,1,123
1.899935,.6666667,.5744681,47,12,0,123
-.1546632,.6666667,.5744681,47,12,0,123
-.0288714,.6666667,.5744681,47,12,1,123
.8936014,.6666667,.5744681,47,12,1,123
-.6578302,.6666667,.5744681,47,12,1,123
-.0288714,.6666667,.5744681,47,12,0,123
-.0288714,.3913043,.421875,64,23,0,124
-.1546632,.3913043,.421875,64,23,0,124
-1.538373,.3913043,.421875,64,23,0,124
-1.077136,.3913043,.421875,64,23,0,124
-.9723096,.3913043,.421875,64,23,1,124
.432365,.3913043,.421875,64,23,0,124
-.8674831,.3913043,.421875,64,23,0,124
1.061324,.3913043,.421875,64,23,1,124
-.7626567,.3913043,.421875,64,23,1,124
-.9723096,.3913043,.421875,64,23,0,124
-.6578302,.3913043,.421875,64,23,1,124
.7258791,.3913043,.421875,64,23,1,124
-1.181962,.3913043,.421875,64,23,0,124
-.6578302,.3913043,.421875,64,23,1,124
-.5530037,.3913043,.421875,64,23,0,124
.075955,.3913043,.421875,64,23,1,124
-1.077136,.3913043,.421875,64,23,1,124
-.8674831,.3913043,.421875,64,23,0,124
-.0288714,.3913043,.421875,64,23,0,124
.3065732,.375,.421875,64,24,0,125
.3065732,.375,.421875,64,24,0,125
.5791221,.375,.421875,64,24,0,125
1.899935,.375,.421875,64,24,1,125
-.4691426,.375,.421875,64,24,1,125
1.543525,.375,.421875,64,24,1,125
.1807815,.375,.421875,64,24,0,125
-.8674831,.375,.421875,64,24,0,125
1.061324,.375,.421875,64,24,0,125
.7258791,.375,.421875,64,24,0,125
-.3643161,.375,.421875,64,24,0,125
-.0288714,.375,.421875,64,24,1,125
-.1546632,.375,.421875,64,24,0,125
-1.077136,.375,.421875,64,24,1,125
.432365,.375,.421875,64,24,0,125
-.5530037,.375,.421875,64,24,1,125
.075955,.375,.421875,64,24,0,125
-.1546632,.375,.421875,64,24,0,125
1.061324,.375,.421875,64,24,1,125
-.0288714,.375,.421875,64,24,0,125
1.291942,.375,.421875,64,24,1,125
-.0288714,.375,.421875,64,24,0,125
-.2594897,.375,.421875,64,24,1,125
-.4691426,.5294118,.421875,64,17,1,126
.3065732,.5294118,.421875,64,17,0,126
-.6578302,.5294118,.421875,64,17,0,126
.075955,.5294118,.421875,64,17,0,126
-.2594897,.5294118,.421875,64,17,0,126
-.5530037,.5294118,.421875,64,17,1,126
.075955,.5294118,.421875,64,17,0,126
-.9723096,.5294118,.421875,64,17,1,126
-.5530037,.5294118,.421875,64,17,1,126
.432365,.5294118,.421875,64,17,1,126
-.9723096,.5294118,.421875,64,17,1,126
-1.181962,.5294118,.421875,64,17,0,126
1.543525,.5294118,.421875,64,17,1,126
.075955,.2352941,.4125,80,17,0,127
.3065732,.2352941,.4125,80,17,1,127
1.899935,.2352941,.4125,80,17,0,127
-.2594897,.2352941,.4125,80,17,0,127
-.7626567,.2352941,.4125,80,17,1,127
-.2594897,.2352941,.4125,80,17,0,127
-.7626567,.2352941,.4125,80,17,0,127
-.8674831,.2352941,.4125,80,17,0,127
.5791221,.2352941,.4125,80,17,0,127
1.291942,.2352941,.4125,80,17,0,127
-.3643161,.2352941,.4125,80,17,0,127
.075955,.2352941,.4125,80,17,0,127
.075955,.2352941,.4125,80,17,1,127
-.2594897,.2352941,.4125,80,17,1,127
-.4691426,.2352941,.4125,80,17,0,127
-1.412581,.2352941,.4125,80,17,0,127
-.8674831,.4782609,.4125,80,23,0,128
-.6578302,.4782609,.4125,80,23,0,128
-.5530037,.4782609,.4125,80,23,1,128
.7258791,.4782609,.4125,80,23,0,128
-.3643161,.4782609,.4125,80,23,0,128
-.2594897,.4782609,.4125,80,23,1,128
.432365,.4782609,.4125,80,23,0,128
-2.125401,.4782609,.4125,80,23,0,128
1.543525,.4782609,.4125,80,23,1,128
1.543525,.4782609,.4125,80,23,0,128
-.2594897,.4782609,.4125,80,23,1,128
-.6578302,.4782609,.4125,80,23,0,128
-.8674831,.4782609,.4125,80,23,1,128
1.543525,.4782609,.4125,80,23,1,128
-.6578302,.4782609,.4125,80,23,1,128
-.5530037,.4782609,.4125,80,23,1,128
.3065732,.4782609,.4125,80,23,0,128
-.0288714,.4782609,.4125,80,23,0,128
2.9482,.4782609,.4125,80,23,1,128
2.9482,.375,.4125,80,24,0,129
-.9723096,.375,.4125,80,24,1,129
-1.181962,.375,.4125,80,24,1,129
-.0288714,.375,.4125,80,24,0,129
-.6578302,.375,.4125,80,24,1,129
-.1546632,.375,.4125,80,24,0,129
-.5530037,.375,.4125,80,24,1,129
.3065732,.375,.4125,80,24,0,129
-.4691426,.375,.4125,80,24,0,129
-.0288714,.375,.4125,80,24,1,129
-.0288714,.375,.4125,80,24,0,129
-.1546632,.375,.4125,80,24,1,129
.1807815,.375,.4125,80,24,0,129
-1.077136,.375,.4125,80,24,1,129
2.9482,.375,.4125,80,24,0,129
-.6578302,.375,.4125,80,24,0,129
1.899935,.375,.4125,80,24,0,129
-.6578302,.375,.4125,80,24,1,129
-.8674831,.375,.4125,80,24,0,129
1.061324,.375,.4125,80,24,0,129
-.5530037,.375,.4125,80,24,0,129
-.4691426,.375,.4125,80,24,1,129
-.4691426,.375,.4125,80,24,0,129
-.2594897,.5625,.4125,80,16,0,130
.075955,.5625,.4125,80,16,0,130
-.3643161,.5625,.4125,80,16,0,130
.075955,.5625,.4125,80,16,1,130
-1.181962,.5625,.4125,80,16,1,130
-2.125401,.5625,.4125,80,16,0,130
-.3643161,.5625,.4125,80,16,1,130
1.061324,.5625,.4125,80,16,1,130
-1.307754,.5625,.4125,80,16,0,130
-.8674831,.5625,.4125,80,16,1,130
.075955,.5625,.4125,80,16,1,130
-1.077136,.5625,.4125,80,16,1,130
.3065732,.5625,.4125,80,16,1,130
-1.68513,.4,.2857143,63,15,1,131
-1.810921,.4,.2857143,63,15,0,131
-1.181962,.4,.2857143,63,15,1,131
-.5530037,.4,.2857143,63,15,0,131
-1.810921,.4,.2857143,63,15,0,131
-.9723096,.4,.2857143,63,15,1,131
-.2594897,.4,.2857143,63,15,1,131
-.8674831,.4,.2857143,63,15,1,131
-.5530037,.4,.2857143,63,15,0,131
-.2594897,.4,.2857143,63,15,0,131
-1.538373,.4,.2857143,63,15,0,131
.075955,.4,.2857143,63,15,1,131
-1.181962,.4,.2857143,63,15,0,131
-1.307754,.4,.2857143,63,15,0,131
-.7626567,.2083333,.2857143,63,24,0,132
-1.810921,.2083333,.2857143,63,24,0,132
-.2594897,.2083333,.2857143,63,24,0,132
-.9723096,.2083333,.2857143,63,24,0,132
-3.068839,.2083333,.2857143,63,24,0,132
-1.68513,.2083333,.2857143,63,24,0,132
-1.68513,.2083333,.2857143,63,24,1,132
-3.068839,.2083333,.2857143,63,24,0,132
-1.68513,.2083333,.2857143,63,24,1,132
-.9723096,.2083333,.2857143,63,24,1,132
-.0288714,.2083333,.2857143,63,24,0,132
-1.810921,.2083333,.2857143,63,24,0,132
-.8674831,.2083333,.2857143,63,24,0,132
-1.957678,.2083333,.2857143,63,24,0,132
-.4691426,.2083333,.2857143,63,24,0,132
-1.307754,.2083333,.2857143,63,24,0,132
-1.810921,.2083333,.2857143,63,24,0,132
-.7626567,.2083333,.2857143,63,24,0,132
-1.810921,.2083333,.2857143,63,24,0,132
-1.810921,.2083333,.2857143,63,24,1,132
-1.68513,.2083333,.2857143,63,24,1,132
-1.412581,.2083333,.2857143,63,24,0,132
-1.810921,.2083333,.2857143,63,24,0,132
-1.68513,.2916667,.2857143,63,24,1,133
-1.307754,.2916667,.2857143,63,24,0,133
-1.810921,.2916667,.2857143,63,24,0,133
-1.538373,.2916667,.2857143,63,24,0,133
-.1546632,.2916667,.2857143,63,24,0,133
-1.412581,.2916667,.2857143,63,24,0,133
-1.810921,.2916667,.2857143,63,24,0,133
-1.538373,.2916667,.2857143,63,24,0,133
-.1546632,.2916667,.2857143,63,24,0,133
-1.181962,.2916667,.2857143,63,24,0,133
-1.412581,.2916667,.2857143,63,24,1,133
-.9723096,.2916667,.2857143,63,24,0,133
-.7626567,.2916667,.2857143,63,24,1,133
-1.68513,.2916667,.2857143,63,24,1,133
-1.307754,.2916667,.2857143,63,24,0,133
-.8674831,.2916667,.2857143,63,24,0,133
-1.077136,.2916667,.2857143,63,24,0,133
-1.68513,.2916667,.2857143,63,24,0,133
.1807815,.2916667,.2857143,63,24,0,133
-.4691426,.2916667,.2857143,63,24,1,133
-1.077136,.2916667,.2857143,63,24,1,133
-.9723096,.2916667,.2857143,63,24,0,133
-1.307754,.2916667,.2857143,63,24,1,133
2.445033,.2857143,.472973,74,14,0,134
1.543525,.2857143,.472973,74,14,0,134
1.291942,.2857143,.472973,74,14,0,134
.8936014,.2857143,.472973,74,14,0,134
1.291942,.2857143,.472973,74,14,0,134
-.4691426,.2857143,.472973,74,14,0,134
-.0288714,.2857143,.472973,74,14,0,134
-.7626567,.2857143,.472973,74,14,1,134
.5791221,.2857143,.472973,74,14,0,134
-1.68513,.2857143,.472973,74,14,1,134
2.445033,.2857143,.472973,74,14,1,134
.3065732,.2857143,.472973,74,14,0,134
-.1546632,.4,.472973,74,15,1,135
1.899935,.4,.472973,74,15,0,135
-.4691426,.4,.472973,74,15,1,135
.432365,.4,.472973,74,15,1,135
-.4691426,.4,.472973,74,15,0,135
-.5530037,.4,.472973,74,15,1,135
-.8674831,.4,.472973,74,15,1,135
-1.68513,.4,.472973,74,15,0,135
-.4691426,.4,.472973,74,15,0,135
.7258791,.4,.472973,74,15,0,135
-.2594897,.4,.472973,74,15,0,135
-.6578302,.4,.472973,74,15,1,135
-.7626567,.4,.472973,74,15,0,135
.7258791,.5454546,.472973,74,22,1,136
2.445033,.5454546,.472973,74,22,1,136
-.1546632,.5454546,.472973,74,22,1,136
-.6578302,.5454546,.472973,74,22,0,136
-.7626567,.5454546,.472973,74,22,0,136
-.3643161,.5454546,.472973,74,22,1,136
1.061324,.5454546,.472973,74,22,1,136
.075955,.5454546,.472973,74,22,1,136
-.9723096,.5454546,.472973,74,22,0,136
-.4691426,.5454546,.472973,74,22,0,136
.7258791,.5454546,.472973,74,22,0,136
-.4691426,.5454546,.472973,74,22,0,136
.1807815,.5454546,.472973,74,22,0,136
-.2594897,.5454546,.472973,74,22,1,136
.7258791,.5454546,.472973,74,22,1,136
-.2594897,.5454546,.472973,74,22,0,136
1.061324,.5454546,.472973,74,22,0,136
-.6578302,.5454546,.472973,74,22,1,136
-.4691426,.5454546,.472973,74,22,1,136
-.7626567,.5454546,.472973,74,22,0,136
.5791221,.5454546,.472973,74,22,1,136
-.5530037,.5652174,.472973,74,23,1,137
.1807815,.5652174,.472973,74,23,1,137
-.7626567,.5652174,.472973,74,23,0,137
1.291942,.5652174,.472973,74,23,0,137
.8936014,.5652174,.472973,74,23,0,137
.5791221,.5652174,.472973,74,23,1,137
-.6578302,.5652174,.472973,74,23,1,137
-.4691426,.5652174,.472973,74,23,1,137
-.7626567,.5652174,.472973,74,23,1,137
.7258791,.5652174,.472973,74,23,0,137
-.8674831,.5652174,.472973,74,23,1,137
-.7626567,.5652174,.472973,74,23,0,137
.1807815,.5652174,.472973,74,23,1,137
-.7626567,.5652174,.472973,74,23,1,137
-.7626567,.5652174,.472973,74,23,0,137
-.5530037,.5652174,.472973,74,23,1,137
.075955,.5652174,.472973,74,23,0,137
-1.181962,.5652174,.472973,74,23,1,137
-.9723096,.5652174,.472973,74,23,0,137
-.4691426,.5652174,.472973,74,23,0,137
.8936014,.5652174,.472973,74,23,1,137
.075955,.5652174,.472973,74,23,1,137
-.0288714,.5652174,.472973,74,23,0,137
-.1546632,.3913043,.5063291,79,23,0,138
.5791221,.3913043,.5063291,79,23,1,138
-.1546632,.3913043,.5063291,79,23,1,138
-1.412581,.3913043,.5063291,79,23,0,138
-.7626567,.3913043,.5063291,79,23,0,138
-.5530037,.3913043,.5063291,79,23,0,138
-.2594897,.3913043,.5063291,79,23,0,138
-.4691426,.3913043,.5063291,79,23,1,138
-.3643161,.3913043,.5063291,79,23,0,138
-.1546632,.3913043,.5063291,79,23,1,138
-.8674831,.3913043,.5063291,79,23,1,138
-.3643161,.3913043,.5063291,79,23,0,138
-.6578302,.3913043,.5063291,79,23,0,138
-.6578302,.3913043,.5063291,79,23,0,138
.1807815,.3913043,.5063291,79,23,0,138
-1.077136,.3913043,.5063291,79,23,1,138
-.9723096,.3913043,.5063291,79,23,1,138
.432365,.3913043,.5063291,79,23,1,138
-1.077136,.3913043,.5063291,79,23,0,138
-.4691426,.3913043,.5063291,79,23,0,138
-.7626567,.3913043,.5063291,79,23,0,138
-.4691426,.3913043,.5063291,79,23,0,138
.075955,.6875,.5063291,79,16,0,139
.7258791,.6875,.5063291,79,16,1,139
1.291942,.6875,.5063291,79,16,1,139
.7258791,.6875,.5063291,79,16,1,139
.1807815,.6875,.5063291,79,16,1,139
1.899935,.6875,.5063291,79,16,1,139
.432365,.6875,.5063291,79,16,0,139
1.291942,.6875,.5063291,79,16,1,139
.5791221,.6875,.5063291,79,16,0,139
.432365,.6875,.5063291,79,16,1,139
.8936014,.6875,.5063291,79,16,1,139
.1807815,.6875,.5063291,79,16,0,139
1.899935,.6875,.5063291,79,16,1,139
-.7626567,.6875,.5063291,79,16,1,139
2.9482,.6875,.5063291,79,16,0,139
-.2594897,.4782609,.5063291,79,23,0,140
.5791221,.4782609,.5063291,79,23,1,140
1.543525,.4782609,.5063291,79,23,1,140
.5791221,.4782609,.5063291,79,23,0,140
.8936014,.4782609,.5063291,79,23,1,140
-.1546632,.4782609,.5063291,79,23,1,140
1.291942,.4782609,.5063291,79,23,0,140
.8936014,.4782609,.5063291,79,23,1,140
2.9482,.4782609,.5063291,79,23,0,140
1.899935,.4782609,.5063291,79,23,0,140
1.061324,.4782609,.5063291,79,23,0,140
.432365,.4782609,.5063291,79,23,0,140
1.061324,.4782609,.5063291,79,23,1,140
.432365,.4782609,.5063291,79,23,0,140
1.291942,.4782609,.5063291,79,23,1,140
.7258791,.4782609,.5063291,79,23,1,140
.1807815,.4782609,.5063291,79,23,1,140
-.2594897,.4782609,.5063291,79,23,1,140
2.445033,.4782609,.5063291,79,23,0,140
.1807815,.4782609,.5063291,79,23,0,140
1.291942,.4782609,.5063291,79,23,0,140
1.061324,.4782609,.5063291,79,23,0,140
.7258791,.5294118,.5063291,79,17,1,141
-.1546632,.5294118,.5063291,79,17,1,141
.075955,.5294118,.5063291,79,17,0,141
.075955,.5294118,.5063291,79,17,0,141
1.543525,.5294118,.5063291,79,17,0,141
.7258791,.5294118,.5063291,79,17,0,141
-.0288714,.5294118,.5063291,79,17,1,141
.7258791,.5294118,.5063291,79,17,1,141
.5791221,.5294118,.5063291,79,17,1,141
.8936014,.5294118,.5063291,79,17,0,141
-.9723096,.5294118,.5063291,79,17,1,141
-.7626567,.5294118,.5063291,79,17,0,141
.432365,.5294118,.5063291,79,17,1,141
1.291942,.5294118,.5063291,79,17,1,141
-.4691426,.5294118,.5063291,79,17,0,141
-.0288714,.5294118,.5063291,79,17,1,141
.8936014,.4090909,.3972603,73,22,1,142
.5791221,.4090909,.3972603,73,22,1,142
.3065732,.4090909,.3972603,73,22,0,142
1.899935,.4090909,.3972603,73,22,1,142
-1.538373,.4090909,.3972603,73,22,1,142
-.3643161,.4090909,.3972603,73,22,0,142
.7258791,.4090909,.3972603,73,22,1,142
.075955,.4090909,.3972603,73,22,0,142
1.291942,.4090909,.3972603,73,22,1,142
1.543525,.4090909,.3972603,73,22,0,142
-.2594897,.4090909,.3972603,73,22,0,142
-1.077136,.4090909,.3972603,73,22,0,142
1.899935,.4090909,.3972603,73,22,0,142
-.1546632,.4090909,.3972603,73,22,0,142
1.543525,.4090909,.3972603,73,22,0,142
1.543525,.4090909,.3972603,73,22,1,142
-.2594897,.4090909,.3972603,73,22,0,142
-.0288714,.4090909,.3972603,73,22,0,142
-1.68513,.3181818,.3972603,73,22,0,143
-.0288714,.3181818,.3972603,73,22,0,143
-.3643161,.3181818,.3972603,73,22,0,143
-.2594897,.3181818,.3972603,73,22,0,143
-.2594897,.3181818,.3972603,73,22,0,143
-.5530037,.3181818,.3972603,73,22,1,143
.075955,.3181818,.3972603,73,22,0,143
-.0288714,.3181818,.3972603,73,22,1,143
.432365,.3181818,.3972603,73,22,0,143
-1.307754,.3181818,.3972603,73,22,0,143
-.7626567,.3181818,.3972603,73,22,0,143
.8936014,.3181818,.3972603,73,22,0,143
-.9723096,.3181818,.3972603,73,22,0,143
-.8674831,.3181818,.3972603,73,22,0,143
.7258791,.3181818,.3972603,73,22,1,143
-.4691426,.3181818,.3972603,73,22,0,143
.432365,.3181818,.3972603,73,22,1,143
.7258791,.3181818,.3972603,73,22,1,143
-1.538373,.3181818,.3972603,73,22,1,143
.8936014,.3181818,.3972603,73,22,0,143
-.6578302,.5714286,.3972603,73,14,0,144
.075955,.5714286,.3972603,73,14,1,144
-1.181962,.5714286,.3972603,73,14,0,144
-.1546632,.5714286,.3972603,73,14,0,144
-.5530037,.5714286,.3972603,73,14,1,144
-.3643161,.5714286,.3972603,73,14,1,144
.1807815,.5714286,.3972603,73,14,1,144
.1807815,.5714286,.3972603,73,14,0,144
-.7626567,.5714286,.3972603,73,14,1,144
1.291942,.5714286,.3972603,73,14,1,144
.3065732,.3333333,.3972603,73,15,0,145
-1.412581,.3333333,.3972603,73,15,0,145
1.899935,.3333333,.3972603,73,15,0,145
.075955,.3333333,.3972603,73,15,1,145
1.543525,.3333333,.3972603,73,15,1,145
-.8674831,.3333333,.3972603,73,15,0,145
1.899935,.3333333,.3972603,73,15,1,145
-.9723096,.3333333,.3972603,73,15,0,145
1.543525,.3333333,.3972603,73,15,0,145
-.0288714,.3333333,.3972603,73,15,1,145
-.0288714,.3333333,.3972603,73,15,1,145
.432365,.3333333,.3972603,73,15,0,145
.432365,.3333333,.3972603,73,15,0,145
.075955,.3333333,.3972603,73,15,0,145
-2.125401,.3333333,.4918033,61,24,1,146
-1.810921,.3333333,.4918033,61,24,0,146
-1.68513,.3333333,.4918033,61,24,1,146
-.2594897,.3333333,.4918033,61,24,1,146
-1.307754,.3333333,.4918033,61,24,0,146
-.9723096,.3333333,.4918033,61,24,1,146
.3065732,.3333333,.4918033,61,24,1,146
-.3643161,.3333333,.4918033,61,24,0,146
-.0288714,.3333333,.4918033,61,24,0,146
-.3643161,.3333333,.4918033,61,24,0,146
-.8674831,.3333333,.4918033,61,24,1,146
.7258791,.3333333,.4918033,61,24,0,146
.3065732,.3333333,.4918033,61,24,0,146
-1.181962,.3333333,.4918033,61,24,0,146
-.5530037,.3333333,.4918033,61,24,1,146
-.8674831,.3333333,.4918033,61,24,0,146
-.1546632,.3333333,.4918033,61,24,0,146
.075955,.3333333,.4918033,61,24,0,146
-.0288714,.3333333,.4918033,61,24,0,146
-.1546632,.3333333,.4918033,61,24,1,146
.432365,.3333333,.4918033,61,24,0,146
-.0288714,.3333333,.4918033,61,24,0,146
-.1546632,.3333333,.4918033,61,24,0,146
.5791221,.5714286,.4918033,61,14,0,147
.075955,.5714286,.4918033,61,14,1,147
.1807815,.5714286,.4918033,61,14,0,147
.5791221,.5714286,.4918033,61,14,0,147
-.1546632,.5714286,.4918033,61,14,1,147
-.7626567,.5714286,.4918033,61,14,1,147
-.8674831,.5714286,.4918033,61,14,0,147
-1.412581,.5714286,.4918033,61,14,1,147
1.291942,.5714286,.4918033,61,14,1,147
-.3643161,.5714286,.4918033,61,14,1,147
-.4691426,.5714286,.4918033,61,14,1,147
1.061324,.5714286,.4918033,61,14,1,147
.7258791,.5714286,.4918033,61,14,0,147
.3065732,.5714286,.4918033,61,14,0,147
.075955,.6086956,.4918033,61,23,0,148
-1.538373,.6086956,.4918033,61,23,1,148
.5791221,.6086956,.4918033,61,23,0,148
.075955,.6086956,.4918033,61,23,1,148
-.9723096,.6086956,.4918033,61,23,1,148
1.899935,.6086956,.4918033,61,23,1,148
-.1546632,.6086956,.4918033,61,23,1,148
-.4691426,.6086956,.4918033,61,23,1,148
-.4691426,.6086956,.4918033,61,23,0,148
-1.412581,.6086956,.4918033,61,23,0,148
.5791221,.6086956,.4918033,61,23,1,148
-.9723096,.6086956,.4918033,61,23,1,148
-.4691426,.6086956,.4918033,61,23,0,148
-1.307754,.6086956,.4918033,61,23,0,148
.075955,.6086956,.4918033,61,23,1,148
-1.538373,.6086956,.4918033,61,23,1,148
-.7626567,.6086956,.4918033,61,23,1,148
-1.68513,.6086956,.4918033,61,23,0,148
-.4691426,.6086956,.4918033,61,23,0,148
-1.412581,.6086956,.4918033,61,23,1,148
-.0288714,.6086956,.4918033,61,23,1,148
-.2594897,.6086956,.4918033,61,23,0,148
-.2594897,.4761905,.4105263,95,21,0,149
-.3643161,.4761905,.4105263,95,21,1,149
-1.181962,.4761905,.4105263,95,21,0,149
-.8674831,.4761905,.4105263,95,21,0,149
-.6578302,.4761905,.4105263,95,21,1,149
-.0288714,.4761905,.4105263,95,21,1,149
-.9723096,.4761905,.4105263,95,21,0,149
-.4691426,.4761905,.4105263,95,21,0,149
-.1546632,.4761905,.4105263,95,21,1,149
-.5530037,.4761905,.4105263,95,21,1,149
-.5530037,.4761905,.4105263,95,21,0,149
-1.077136,.4761905,.4105263,95,21,1,149
-.4691426,.4761905,.4105263,95,21,1,149
-1.077136,.4761905,.4105263,95,21,0,149
-.9723096,.4761905,.4105263,95,21,0,149
-.2594897,.4761905,.4105263,95,21,0,149
-.0288714,.4761905,.4105263,95,21,1,149
-1.307754,.4761905,.4105263,95,21,1,149
-1.077136,.4761905,.4105263,95,21,1,149
-.2594897,.4761905,.4105263,95,21,0,149
-1.181962,.4761905,.4105263,95,21,0,149
-.8674831,.5,.4105263,95,24,0,150
-1.412581,.5,.4105263,95,24,1,150
-.2594897,.5,.4105263,95,24,0,150
-.0288714,.5,.4105263,95,24,1,150
.5791221,.5,.4105263,95,24,1,150
-1.412581,.5,.4105263,95,24,1,150
-.6578302,.5,.4105263,95,24,0,150
.5791221,.5,.4105263,95,24,1,150
-.8674831,.5,.4105263,95,24,0,150
-.0288714,.5,.4105263,95,24,1,150
.1807815,.5,.4105263,95,24,0,150
-.8674831,.5,.4105263,95,24,0,150
-.9723096,.5,.4105263,95,24,1,150
-1.181962,.5,.4105263,95,24,0,150
-.6578302,.5,.4105263,95,24,1,150
-1.077136,.5,.4105263,95,24,1,150
.7258791,.5,.4105263,95,24,0,150
.1807815,.5,.4105263,95,24,1,150
.8936014,.5,.4105263,95,24,1,150
-1.307754,.5,.4105263,95,24,0,150
-.1546632,.5,.4105263,95,24,1,150
-.8674831,.5,.4105263,95,24,0,150
-1.538373,.5,.4105263,95,24,0,150
.5791221,.5,.4105263,95,24,0,150
.075955,.3636364,.4105263,95,22,1,151
-.0288714,.3636364,.4105263,95,22,0,151
-.4691426,.3636364,.4105263,95,22,0,151
.075955,.3636364,.4105263,95,22,1,151
.8936014,.3636364,.4105263,95,22,1,151
.7258791,.3636364,.4105263,95,22,0,151
.075955,.3636364,.4105263,95,22,1,151
-.9723096,.3636364,.4105263,95,22,1,151
-1.077136,.3636364,.4105263,95,22,0,151
-.1546632,.3636364,.4105263,95,22,1,151
-1.181962,.3636364,.4105263,95,22,0,151
-.5530037,.3636364,.4105263,95,22,0,151
-.5530037,.3636364,.4105263,95,22,0,151
-.4691426,.3636364,.4105263,95,22,1,151
-.3643161,.3636364,.4105263,95,22,1,151
-.1546632,.3636364,.4105263,95,22,0,151
-.8674831,.3636364,.4105263,95,22,0,151
-.1546632,.2142857,.4105263,95,14,0,152
.8936014,.2142857,.4105263,95,14,1,152
-.6578302,.2142857,.4105263,95,14,0,152
-.7626567,.2142857,.4105263,95,14,0,152
-.6578302,.2142857,.4105263,95,14,1,152
-.1546632,.2142857,.4105263,95,14,0,152
-.4691426,.2142857,.4105263,95,14,1,152
-.5530037,.2142857,.4105263,95,14,0,152
-.3643161,.2142857,.4105263,95,14,0,152
-1.538373,.2142857,.4105263,95,14,0,152
-1.957678,.2142857,.4105263,95,14,0,152
-.2594897,.2142857,.4105263,95,14,0,152
-.3643161,.2142857,.4105263,95,14,0,152
-.6578302,.2142857,.4105263,95,14,0,152
-.2594897,.4285714,.4105263,95,14,1,153
1.291942,.4285714,.4105263,95,14,0,153
.8936014,.4285714,.4105263,95,14,1,153
1.899935,.4285714,.4105263,95,14,1,153
-.3643161,.4285714,.4105263,95,14,0,153
.1807815,.4285714,.4105263,95,14,1,153
1.543525,.4285714,.4105263,95,14,0,153
-.3643161,.4285714,.4105263,95,14,0,153
.075955,.4285714,.4105263,95,14,0,153
-.4691426,.4285714,.4105263,95,14,0,153
.1807815,.4285714,.4105263,95,14,0,153
-.0288714,.4285714,.4105263,95,14,1,153
-.7626567,.4285714,.4105263,95,14,0,153
-.5530037,.4285714,.4105263,95,14,1,153
.8936014,.6190476,.5384616,91,21,0,154
-.1546632,.6190476,.5384616,91,21,0,154
-.3643161,.6190476,.5384616,91,21,1,154
.075955,.6190476,.5384616,91,21,1,154
-.6578302,.6190476,.5384616,91,21,1,154
.1807815,.6190476,.5384616,91,21,0,154
-.5530037,.6190476,.5384616,91,21,1,154
-.9723096,.6190476,.5384616,91,21,1,154
-.7626567,.6190476,.5384616,91,21,0,154
-1.077136,.6190476,.5384616,91,21,1,154
.7258791,.6190476,.5384616,91,21,0,154
-.5530037,.6190476,.5384616,91,21,1,154
.5791221,.6190476,.5384616,91,21,1,154
.3065732,.6190476,.5384616,91,21,1,154
-.1546632,.6190476,.5384616,91,21,1,154
-.1546632,.6190476,.5384616,91,21,0,154
-.3643161,.6190476,.5384616,91,21,1,154
-1.538373,.6190476,.5384616,91,21,0,154
-.7626567,.6190476,.5384616,91,21,1,154
-.4691426,.6190476,.5384616,91,21,0,154
-1.077136,.6190476,.5384616,91,21,1,154
1.291942,.5652174,.5384616,91,23,1,155
-.3643161,.5652174,.5384616,91,23,0,155
1.061324,.5652174,.5384616,91,23,1,155
-.7626567,.5652174,.5384616,91,23,1,155
-.5530037,.5652174,.5384616,91,23,0,155
.3065732,.5652174,.5384616,91,23,1,155
-.5530037,.5652174,.5384616,91,23,0,155
.075955,.5652174,.5384616,91,23,1,155
-.8674831,.5652174,.5384616,91,23,0,155
-.6578302,.5652174,.5384616,91,23,1,155
-.1546632,.5652174,.5384616,91,23,0,155
.432365,.5652174,.5384616,91,23,0,155
.432365,.5652174,.5384616,91,23,1,155
1.061324,.5652174,.5384616,91,23,1,155
-.2594897,.5652174,.5384616,91,23,1,155
-.3643161,.5652174,.5384616,91,23,1,155
-.7626567,.5652174,.5384616,91,23,1,155
2.445033,.5652174,.5384616,91,23,0,155
.3065732,.5652174,.5384616,91,23,0,155
-.0288714,.5652174,.5384616,91,23,0,155
-.1546632,.5652174,.5384616,91,23,0,155
.075955,.5652174,.5384616,91,23,1,155
.1807815,.4166667,.5384616,91,12,0,156
-.3643161,.4166667,.5384616,91,12,0,156
-.0288714,.4166667,.5384616,91,12,0,156
-1.181962,.4166667,.5384616,91,12,0,156
.432365,.4166667,.5384616,91,12,1,156
.1807815,.4166667,.5384616,91,12,1,156
-.4691426,.4166667,.5384616,91,12,1,156
2.445033,.4166667,.5384616,91,12,0,156
1.899935,.4166667,.5384616,91,12,1,156
-.1546632,.4166667,.5384616,91,12,0,156
.3065732,.4166667,.5384616,91,12,0,156
-1.412581,.4166667,.5384616,91,12,1,156
-.8674831,.3846154,.5384616,91,13,0,157
.432365,.3846154,.5384616,91,13,0,157
1.899935,.3846154,.5384616,91,13,0,157
-.1546632,.3846154,.5384616,91,13,1,157
.8936014,.3846154,.5384616,91,13,0,157
-.5530037,.3846154,.5384616,91,13,0,157
.5791221,.3846154,.5384616,91,13,0,157
.075955,.3846154,.5384616,91,13,0,157
2.445033,.3846154,.5384616,91,13,1,157
1.543525,.3846154,.5384616,91,13,1,157
-.5530037,.3846154,.5384616,91,13,1,157
.075955,.3846154,.5384616,91,13,0,157
.8936014,.3846154,.5384616,91,13,1,157
-.0288714,.5909091,.5384616,91,22,1,158
-.6578302,.5909091,.5384616,91,22,0,158
.8936014,.5909091,.5384616,91,22,0,158
-.2594897,.5909091,.5384616,91,22,1,158
-.1546632,.5909091,.5384616,91,22,0,158
.5791221,.5909091,.5384616,91,22,0,158
.5791221,.5909091,.5384616,91,22,1,158
-.6578302,.5909091,.5384616,91,22,0,158
1.291942,.5909091,.5384616,91,22,1,158
.1807815,.5909091,.5384616,91,22,1,158
.5791221,.5909091,.5384616,91,22,1,158
.8936014,.5909091,.5384616,91,22,1,158
.432365,.5909091,.5384616,91,22,0,158
.075955,.5909091,.5384616,91,22,1,158
.432365,.5909091,.5384616,91,22,1,158
1.061324,.5909091,.5384616,91,22,1,158
-.1546632,.5909091,.5384616,91,22,0,158
1.061324,.5909091,.5384616,91,22,1,158
.1807815,.5909091,.5384616,91,22,1,158
1.061324,.5909091,.5384616,91,22,0,158
.8936014,.5909091,.5384616,91,22,0,158
-1.077136,.5,.432,125,24,1,159
2.9482,.5,.432,125,24,1,159
.075955,.5,.432,125,24,0,159
-1.181962,.5,.432,125,24,0,159
.1807815,.5,.432,125,24,1,159
.7258791,.5,.432,125,24,0,159
1.061324,.5,.432,125,24,1,159
-1.181962,.5,.432,125,24,0,159
-.6578302,.5,.432,125,24,1,159
-.3643161,.5,.432,125,24,1,159
-.7626567,.5,.432,125,24,0,159
-.1546632,.5,.432,125,24,0,159
.075955,.5,.432,125,24,0,159
-.0288714,.5,.432,125,24,1,159
1.899935,.5,.432,125,24,0,159
.8936014,.5,.432,125,24,1,159
.432365,.5,.432,125,24,1,159
.432365,.5,.432,125,24,1,159
-.2594897,.5,.432,125,24,0,159
.075955,.5,.432,125,24,0,159
-1.307754,.5,.432,125,24,1,159
.7258791,.5,.432,125,24,0,159
1.899935,.4166667,.432,125,24,1,160
2.9482,.4166667,.432,125,24,1,160
.3065732,.4166667,.432,125,24,0,160
.8936014,.4166667,.432,125,24,1,160
.432365,.4166667,.432,125,24,0,160
1.061324,.4166667,.432,125,24,0,160
.8936014,.4166667,.432,125,24,0,160
-.0288714,.4166667,.432,125,24,0,160
1.291942,.4166667,.432,125,24,0,160
.7258791,.4166667,.432,125,24,1,160
.1807815,.4166667,.432,125,24,1,160
1.899935,.4166667,.432,125,24,0,160
-.3643161,.4166667,.432,125,24,0,160
.8936014,.4166667,.432,125,24,1,160
.432365,.4166667,.432,125,24,0,160
1.061324,.4166667,.432,125,24,1,160
1.291942,.4166667,.432,125,24,0,160
1.543525,.4166667,.432,125,24,1,160
-1.077136,.4166667,.432,125,24,1,160
.5791221,.4166667,.432,125,24,0,160
-.9723096,.4166667,.432,125,24,0,160
.432365,.4166667,.432,125,24,0,160
.1807815,.2857143,.432,125,14,0,161
-.5530037,.2857143,.432,125,14,0,161
.3065732,.2857143,.432,125,14,1,161
-1.68513,.2857143,.432,125,14,0,161
.075955,.2857143,.432,125,14,0,161
.5791221,.2857143,.432,125,14,1,161
-.4691426,.2857143,.432,125,14,0,161
-.9723096,.2857143,.432,125,14,1,161
-1.181962,.2857143,.432,125,14,0,161
1.061324,.2857143,.432,125,14,1,161
-1.307754,.2857143,.432,125,14,0,161
.432365,.2857143,.432,125,14,0,161
.8936014,.2857143,.432,125,14,0,161
2.9482,.4347826,.432,125,23,1,162
.7258791,.4347826,.432,125,23,0,162
1.899935,.4347826,.432,125,23,1,162
1.543525,.4347826,.432,125,23,0,162
2.9482,.4347826,.432,125,23,1,162
2.9482,.4347826,.432,125,23,0,162
2.9482,.4347826,.432,125,23,0,162
1.061324,.4347826,.432,125,23,0,162
.432365,.4347826,.432,125,23,1,162
-.1546632,.4347826,.432,125,23,1,162
1.291942,.4347826,.432,125,23,0,162
-1.68513,.4347826,.432,125,23,1,162
2.445033,.4347826,.432,125,23,1,162
1.899935,.4347826,.432,125,23,0,162
2.445033,.4347826,.432,125,23,0,162
1.291942,.4347826,.432,125,23,0,162
-1.181962,.4347826,.432,125,23,1,162
-.2594897,.4347826,.432,125,23,0,162
-.9723096,.4347826,.432,125,23,0,162
1.543525,.4347826,.432,125,23,1,162
.8936014,.4347826,.432,125,23,0,162
.432365,.3529412,.432,125,17,0,163
2.445033,.3529412,.432,125,17,0,163
2.445033,.3529412,.432,125,17,1,163
1.291942,.3529412,.432,125,17,0,163
1.543525,.3529412,.432,125,17,0,163
1.543525,.3529412,.432,125,17,1,163
2.445033,.3529412,.432,125,17,0,163
1.543525,.3529412,.432,125,17,0,163
-.0288714,.3529412,.432,125,17,0,163
.7258791,.3529412,.432,125,17,0,163
-1.307754,.3529412,.432,125,17,0,163
-.2594897,.3529412,.432,125,17,0,163
1.061324,.3529412,.432,125,17,1,163
1.899935,.3529412,.432,125,17,1,163
2.445033,.3529412,.432,125,17,0,163
-1.181962,.3529412,.432,125,17,1,163
-1.412581,.3529412,.432,125,17,1,163
1.543525,.5217391,.432,125,23,1,164
1.061324,.5217391,.432,125,23,1,164
.3065732,.5217391,.432,125,23,0,164
1.899935,.5217391,.432,125,23,1,164
.432365,.5217391,.432,125,23,0,164
.075955,.5217391,.432,125,23,0,164
.075955,.5217391,.432,125,23,1,164
-1.181962,.5217391,.432,125,23,0,164
2.445033,.5217391,.432,125,23,1,164
-1.077136,.5217391,.432,125,23,0,164
1.543525,.5217391,.432,125,23,0,164
.1807815,.5217391,.432,125,23,0,164
-.2594897,.5217391,.432,125,23,0,164
-1.412581,.5217391,.432,125,23,1,164
-.3643161,.5217391,.432,125,23,1,164
-.2594897,.5217391,.432,125,23,0,164
1.543525,.5217391,.432,125,23,1,164
.3065732,.5217391,.432,125,23,1,164
-1.412581,.5217391,.432,125,23,0,164
.8936014,.5217391,.432,125,23,1,164
1.291942,.5217391,.432,125,23,1,164
.1807815,.5217391,.432,125,23,1,164
.075955,.5416667,.4563107,103,24,1,165
.075955,.5416667,.4563107,103,24,0,165
.7258791,.5416667,.4563107,103,24,1,165
-.6578302,.5416667,.4563107,103,24,1,165
-.1546632,.5416667,.4563107,103,24,1,165
-.2594897,.5416667,.4563107,103,24,1,165
1.899935,.5416667,.4563107,103,24,1,165
-.4691426,.5416667,.4563107,103,24,1,165
-.6578302,.5416667,.4563107,103,24,0,165
-.3643161,.5416667,.4563107,103,24,1,165
1.543525,.5416667,.4563107,103,24,0,165
1.061324,.5416667,.4563107,103,24,1,165
-.5530037,.5416667,.4563107,103,24,0,165
-.4691426,.5416667,.4563107,103,24,0,165
-.1546632,.5416667,.4563107,103,24,0,165
2.445033,.5416667,.4563107,103,24,1,165
-.9723096,.5416667,.4563107,103,24,0,165
.5791221,.5416667,.4563107,103,24,1,165
.075955,.5416667,.4563107,103,24,0,165
.1807815,.5416667,.4563107,103,24,0,165
-.2594897,.5416667,.4563107,103,24,1,165
-2.523741,.5416667,.4563107,103,24,0,165
-.4691426,.4782609,.4563107,103,23,0,166
-.8674831,.4782609,.4563107,103,23,0,166
1.899935,.4782609,.4563107,103,23,0,166
-.4691426,.4782609,.4563107,103,23,0,166
-.1546632,.4782609,.4563107,103,23,0,166
.7258791,.4782609,.4563107,103,23,1,166
1.291942,.4782609,.4563107,103,23,1,166
.432365,.4782609,.4563107,103,23,0,166
.5791221,.4782609,.4563107,103,23,1,166
1.899935,.4782609,.4563107,103,23,1,166
.432365,.4782609,.4563107,103,23,0,166
1.543525,.4782609,.4563107,103,23,1,166
.8936014,.4782609,.4563107,103,23,0,166
1.543525,.4782609,.4563107,103,23,1,166
-1.957678,.4782609,.4563107,103,23,0,166
1.899935,.4782609,.4563107,103,23,1,166
-.7626567,.4782609,.4563107,103,23,1,166
-.8674831,.4782609,.4563107,103,23,0,166
.7258791,.4782609,.4563107,103,23,1,166
.432365,.4782609,.4563107,103,23,0,166
-.2594897,.4782609,.4563107,103,23,1,166
.7258791,.4782609,.4563107,103,23,1,166
.3065732,.2941177,.4563107,103,17,0,167
-.5530037,.2941177,.4563107,103,17,0,167
-.0288714,.2941177,.4563107,103,17,0,167
.7258791,.2941177,.4563107,103,17,0,167
-.2594897,.2941177,.4563107,103,17,0,167
.7258791,.2941177,.4563107,103,17,1,167
.1807815,.2941177,.4563107,103,17,0,167
-.9723096,.2941177,.4563107,103,17,0,167
-.9723096,.2941177,.4563107,103,17,0,167
-.5530037,.2941177,.4563107,103,17,1,167
.075955,.2941177,.4563107,103,17,0,167
.075955,.2941177,.4563107,103,17,0,167
.3065732,.2941177,.4563107,103,17,0,167
.432365,.2941177,.4563107,103,17,0,167
-.1546632,.2941177,.4563107,103,17,1,167
.8936014,.2941177,.4563107,103,17,1,167
.8936014,.2941177,.4563107,103,17,1,167
-.8674831,.5882353,.4563107,103,17,1,168
.3065732,.5882353,.4563107,103,17,1,168
-.1546632,.5882353,.4563107,103,17,1,168
-1.077136,.5882353,.4563107,103,17,1,168
-.1546632,.5882353,.4563107,103,17,1,168
1.543525,.5882353,.4563107,103,17,1,168
.075955,.5882353,.4563107,103,17,0,168
1.291942,.5882353,.4563107,103,17,0,168
-.5530037,.5882353,.4563107,103,17,0,168
.7258791,.5882353,.4563107,103,17,0,168
-.0288714,.5882353,.4563107,103,17,0,168
.5791221,.5882353,.4563107,103,17,0,168
.3065732,.5882353,.4563107,103,17,1,168
-1.538373,.5882353,.4563107,103,17,1,168
-1.307754,.5882353,.4563107,103,17,0,168
-.5530037,.5882353,.4563107,103,17,1,168
-.9723096,.3636364,.4563107,103,22,0,169
-.7626567,.3636364,.4563107,103,22,0,169
.7258791,.3636364,.4563107,103,22,0,169
1.061324,.3636364,.4563107,103,22,0,169
-.4691426,.3636364,.4563107,103,22,1,169
-.9723096,.3636364,.4563107,103,22,0,169
.8936014,.3636364,.4563107,103,22,0,169
-.1546632,.3636364,.4563107,103,22,1,169
.1807815,.3636364,.4563107,103,22,0,169
.3065732,.3636364,.4563107,103,22,1,169
-.4691426,.3636364,.4563107,103,22,1,169
.5791221,.3636364,.4563107,103,22,1,169
1.291942,.3636364,.4563107,103,22,0,169
.3065732,.3636364,.4563107,103,22,1,169
.3065732,.3636364,.4563107,103,22,0,169
-.5530037,.3636364,.4563107,103,22,0,169
-.4691426,.3636364,.4563107,103,22,0,169
.8936014,.3636364,.4563107,103,22,1,169
-.5530037,.3636364,.4563107,103,22,0,169
-.0288714,.3636364,.4563107,103,22,0,169
-1.68513,.3636364,.4563107,103,22,1,169
-.0288714,.3636364,.4563107,103,22,0,169
.3065732,.3571429,.4918033,61,14,1,170
.8936014,.3571429,.4918033,61,14,1,170
-.0288714,.3571429,.4918033,61,14,0,170
1.543525,.3571429,.4918033,61,14,0,170
.8936014,.3571429,.4918033,61,14,0,170
.7258791,.3571429,.4918033,61,14,1,170
.8936014,.3571429,.4918033,61,14,1,170
2.445033,.3571429,.4918033,61,14,0,170
1.061324,.3571429,.4918033,61,14,0,170
1.899935,.3571429,.4918033,61,14,1,170
1.291942,.3571429,.4918033,61,14,0,170
1.543525,.3571429,.4918033,61,14,0,170
-1.181962,.5294118,.4918033,61,17,0,171
-.0288714,.5294118,.4918033,61,17,1,171
2.445033,.5294118,.4918033,61,17,0,171
1.291942,.5294118,.4918033,61,17,0,171
.075955,.5294118,.4918033,61,17,1,171
-.3643161,.5294118,.4918033,61,17,1,171
-.4691426,.5294118,.4918033,61,17,1,171
.7258791,.5294118,.4918033,61,17,1,171
-.6578302,.5294118,.4918033,61,17,0,171
-.3643161,.5294118,.4918033,61,17,0,171
.1807815,.5294118,.4918033,61,17,1,171
.7258791,.5294118,.4918033,61,17,1,171
.075955,.5294118,.4918033,61,17,0,171
-.9723096,.5294118,.4918033,61,17,0,171
-.6578302,.5294118,.4918033,61,17,1,171
-.6578302,.5384616,.4918033,61,13,1,172
.075955,.5384616,.4918033,61,13,0,172
.3065732,.5384616,.4918033,61,13,1,172
-.3643161,.5384616,.4918033,61,13,1,172
-.4691426,.5384616,.4918033,61,13,0,172
-.7626567,.5384616,.4918033,61,13,1,172
.5791221,.5384616,.4918033,61,13,1,172
.8936014,.5384616,.4918033,61,13,0,172
-1.68513,.5384616,.4918033,61,13,0,172
-.3643161,.5384616,.4918033,61,13,1,172
-1.412581,.5384616,.4918033,61,13,0,172
.432365,.5384616,.4918033,61,13,1,172
-1.68513,.5294118,.4918033,61,17,0,173
.5791221,.5294118,.4918033,61,17,1,173
.432365,.5294118,.4918033,61,17,0,173
1.061324,.5294118,.4918033,61,17,0,173
.8936014,.5294118,.4918033,61,17,1,173
.432365,.5294118,.4918033,61,17,1,173
-.5530037,.5294118,.4918033,61,17,1,173
.7258791,.5294118,.4918033,61,17,0,173
.432365,.5294118,.4918033,61,17,0,173
.3065732,.5294118,.4918033,61,17,1,173
-.1546632,.5294118,.4918033,61,17,1,173
1.899935,.5294118,.4918033,61,17,0,173
-.6578302,.5294118,.4918033,61,17,1,173
.7258791,.5294118,.4918033,61,17,1,173
1.291942,.5294118,.4918033,61,17,0,173
1.291942,.5294118,.4918033,61,17,1,173
.5791221,.5294118,.4918033,61,17,0,173
.1807815,.3809524,.4591837,98,21,1,174
-.2594897,.3809524,.4591837,98,21,1,174
-1.810921,.3809524,.4591837,98,21,0,174
.432365,.3809524,.4591837,98,21,0,174
-.8674831,.3809524,.4591837,98,21,1,174
-1.077136,.3809524,.4591837,98,21,1,174
.075955,.3809524,.4591837,98,21,0,174
-1.538373,.3809524,.4591837,98,21,1,174
-.0288714,.3809524,.4591837,98,21,1,174
-1.181962,.3809524,.4591837,98,21,0,174
-.6578302,.3809524,.4591837,98,21,0,174
-3.467179,.3809524,.4591837,98,21,0,174
-1.181962,.3809524,.4591837,98,21,0,174
-.0288714,.3809524,.4591837,98,21,0,174
.3065732,.3809524,.4591837,98,21,1,174
-1.307754,.3809524,.4591837,98,21,0,174
-.9723096,.3809524,.4591837,98,21,0,174
-1.307754,.3809524,.4591837,98,21,0,174
-1.810921,.3809524,.4591837,98,21,1,174
-.8674831,.3809524,.4591837,98,21,0,174
-.9723096,.3809524,.4591837,98,21,0,174
-1.077136,.6,.4591837,98,15,0,175
-1.181962,.6,.4591837,98,15,1,175
-1.538373,.6,.4591837,98,15,1,175
-1.538373,.6,.4591837,98,15,0,175
-1.181962,.6,.4591837,98,15,1,175
-1.538373,.6,.4591837,98,15,0,175
-.9723096,.6,.4591837,98,15,0,175
-.8674831,.6,.4591837,98,15,0,175
-.3643161,.6,.4591837,98,15,1,175
-1.307754,.6,.4591837,98,15,1,175
-1.181962,.6,.4591837,98,15,0,175
-1.077136,.6,.4591837,98,15,1,175
-.1546632,.6,.4591837,98,15,1,175
-.8674831,.6,.4591837,98,15,1,175
-.9723096,.5217391,.4591837,98,23,1,176
-.3643161,.5217391,.4591837,98,23,1,176
-1.412581,.5217391,.4591837,98,23,0,176
-1.412581,.5217391,.4591837,98,23,1,176
-1.307754,.5217391,.4591837,98,23,0,176
-.8674831,.5217391,.4591837,98,23,0,176
-1.181962,.5217391,.4591837,98,23,0,176
.3065732,.5217391,.4591837,98,23,1,176
-1.538373,.5217391,.4591837,98,23,1,176
-1.68513,.5217391,.4591837,98,23,0,176
-1.538373,.5217391,.4591837,98,23,1,176
-.8674831,.5217391,.4591837,98,23,0,176
-.5530037,.5217391,.4591837,98,23,0,176
-1.307754,.5217391,.4591837,98,23,0,176
-1.538373,.5217391,.4591837,98,23,1,176
-1.181962,.5217391,.4591837,98,23,1,176
-.3643161,.5217391,.4591837,98,23,1,176
-1.307754,.5217391,.4591837,98,23,0,176
-.4691426,.5217391,.4591837,98,23,1,176
-2.125401,.5217391,.4591837,98,23,0,176
-1.810921,.5217391,.4591837,98,23,1,176
-1.412581,.5217391,.4591837,98,23,1,176
-1.957678,.5217391,.4591837,98,23,0,176
-.0288714,.5625,.4591837,98,16,1,177
-1.307754,.5625,.4591837,98,16,1,177
.075955,.5625,.4591837,98,16,1,177
-2.314088,.5625,.4591837,98,16,1,177
-.5530037,.5625,.4591837,98,16,0,177
-.7626567,.5625,.4591837,98,16,0,177
-1.307754,.5625,.4591837,98,16,1,177
.1807815,.5625,.4591837,98,16,0,177
2.445033,.5625,.4591837,98,16,1,177
-.3643161,.5625,.4591837,98,16,0,177
1.543525,.5625,.4591837,98,16,1,177
-1.412581,.5625,.4591837,98,16,0,177
.432365,.5625,.4591837,98,16,1,177
-2.125401,.5625,.4591837,98,16,0,177
.8936014,.5625,.4591837,98,16,0,177
2.9482,.5625,.4591837,98,16,1,177
-2.314088,.3043478,.4591837,98,23,0,178
-1.538373,.3043478,.4591837,98,23,0,178
-2.125401,.3043478,.4591837,98,23,0,178
-2.523741,.3043478,.4591837,98,23,1,178
-1.412581,.3043478,.4591837,98,23,0,178
-.7626567,.3043478,.4591837,98,23,0,178
-1.077136,.3043478,.4591837,98,23,0,178
-1.307754,.3043478,.4591837,98,23,0,178
-1.68513,.3043478,.4591837,98,23,1,178
-1.412581,.3043478,.4591837,98,23,0,178
-2.125401,.3043478,.4591837,98,23,1,178
-.8674831,.3043478,.4591837,98,23,1,178
-.9723096,.3043478,.4591837,98,23,0,178
-1.181962,.3043478,.4591837,98,23,0,178
-1.68513,.3043478,.4591837,98,23,0,178
-2.125401,.3043478,.4591837,98,23,0,178
-.9723096,.3043478,.4591837,98,23,1,178
-2.754359,.3043478,.4591837,98,23,0,178
-2.523741,.3043478,.4591837,98,23,0,178
-.8674831,.3043478,.4591837,98,23,0,178
-1.68513,.3043478,.4591837,98,23,1,178
-.8674831,.3043478,.4591837,98,23,0,178
-.4691426,.3076923,.375,64,13,0,179
-.6578302,.3076923,.375,64,13,0,179
-.8674831,.3076923,.375,64,13,1,179
-.2594897,.3076923,.375,64,13,1,179
-.7626567,.3076923,.375,64,13,0,179
-.5530037,.3076923,.375,64,13,1,179
-.5530037,.3076923,.375,64,13,0,179
-.8674831,.3076923,.375,64,13,0,179
-1.077136,.3076923,.375,64,13,0,179
-1.077136,.3076923,.375,64,13,0,179
1.061324,.3076923,.375,64,13,0,179
1.543525,.3076923,.375,64,13,0,179
.7258791,.5,.375,64,20,1,180
-2.314088,.5,.375,64,20,1,180
-.5530037,.5,.375,64,20,1,180
-1.412581,.5,.375,64,20,1,180
.3065732,.5,.375,64,20,0,180
-.3643161,.5,.375,64,20,0,180
-.6578302,.5,.375,64,20,0,180
-.0288714,.5,.375,64,20,0,180
-.5530037,.5,.375,64,20,1,180
2.9482,.5,.375,64,20,1,180
-.1546632,.5,.375,64,20,0,180
-1.810921,.5,.375,64,20,0,180
-.3643161,.5,.375,64,20,0,180
-.2594897,.5,.375,64,20,1,180
-1.307754,.5,.375,64,20,0,180
-.2594897,.5,.375,64,20,1,180
.075955,.5,.375,64,20,1,180
-.8674831,.5,.375,64,20,0,180
-.2594897,.5,.375,64,20,1,180
-.3643161,.4166667,.375,64,12,0,181
-1.307754,.4166667,.375,64,12,1,181
-.0288714,.4166667,.375,64,12,1,181
-.1546632,.4166667,.375,64,12,1,181
-.1546632,.4166667,.375,64,12,0,181
.075955,.4166667,.375,64,12,1,181
.432365,.4166667,.375,64,12,1,181
-.3643161,.4166667,.375,64,12,0,181
-.1546632,.4166667,.375,64,12,0,181
-.5530037,.4166667,.375,64,12,0,181
-1.181962,.4166667,.375,64,12,0,181
.7258791,.4166667,.375,64,12,0,181
-.1546632,.2631579,.375,64,19,0,182
-1.181962,.2631579,.375,64,19,0,182
-1.181962,.2631579,.375,64,19,0,182
-.3643161,.2631579,.375,64,19,0,182
-.8674831,.2631579,.375,64,19,0,182
-.3643161,.2631579,.375,64,19,0,182
-.3643161,.2631579,.375,64,19,0,182
.3065732,.2631579,.375,64,19,1,182
-1.68513,.2631579,.375,64,19,1,182
-.4691426,.2631579,.375,64,19,0,182
-.7626567,.2631579,.375,64,19,0,182
-.1546632,.2631579,.375,64,19,0,182
-.7626567,.2631579,.375,64,19,1,182
2.445033,.2631579,.375,64,19,0,182
.1807815,.2631579,.375,64,19,1,182
-.6578302,.2631579,.375,64,19,0,182
-.1546632,.2631579,.375,64,19,1,182
-.0288714,.2631579,.375,64,19,0,182
-.6578302,.3043478,.4177215,79,23,0,183
.7258791,.3043478,.4177215,79,23,1,183
1.061324,.3043478,.4177215,79,23,0,183
-.3643161,.3043478,.4177215,79,23,1,183
.3065732,.3043478,.4177215,79,23,0,183
-.7626567,.3043478,.4177215,79,23,0,183
.075955,.3043478,.4177215,79,23,0,183
-.5530037,.3043478,.4177215,79,23,0,183
-1.181962,.3043478,.4177215,79,23,0,183
.7258791,.3043478,.4177215,79,23,0,183
-.5530037,.3043478,.4177215,79,23,1,183
-.5530037,.3043478,.4177215,79,23,0,183
-.1546632,.3043478,.4177215,79,23,1,183
-.5530037,.3043478,.4177215,79,23,0,183
-1.077136,.3043478,.4177215,79,23,1,183
-.7626567,.3043478,.4177215,79,23,0,183
1.061324,.3043478,.4177215,79,23,0,183
-1.307754,.3043478,.4177215,79,23,0,183
-.5530037,.3043478,.4177215,79,23,1,183
.5791221,.3043478,.4177215,79,23,0,183
.7258791,.3043478,.4177215,79,23,1,183
.3065732,.2307692,.4177215,79,13,0,184
-.4691426,.2307692,.4177215,79,13,0,184
-.6578302,.2307692,.4177215,79,13,0,184
-.1546632,.2307692,.4177215,79,13,0,184
-1.077136,.2307692,.4177215,79,13,0,184
.075955,.2307692,.4177215,79,13,1,184
-.0288714,.2307692,.4177215,79,13,0,184
-1.307754,.2307692,.4177215,79,13,0,184
-.2594897,.2307692,.4177215,79,13,0,184
-.2594897,.2307692,.4177215,79,13,1,184
-.1546632,.2307692,.4177215,79,13,0,184
-1.181962,.2307692,.4177215,79,13,1,184
-.5530037,.2307692,.4177215,79,13,0,184
-1.181962,.4545455,.4177215,79,22,1,185
1.543525,.4545455,.4177215,79,22,0,185
-.5530037,.4545455,.4177215,79,22,1,185
-.0288714,.4545455,.4177215,79,22,1,185
-.6578302,.4545455,.4177215,79,22,0,185
-.7626567,.4545455,.4177215,79,22,1,185
1.291942,.4545455,.4177215,79,22,1,185
-.5530037,.4545455,.4177215,79,22,0,185
-.0288714,.4545455,.4177215,79,22,0,185
.3065732,.4545455,.4177215,79,22,0,185
-.4691426,.4545455,.4177215,79,22,1,185
-1.810921,.4545455,.4177215,79,22,0,185
-.6578302,.4545455,.4177215,79,22,1,185
.5791221,.4545455,.4177215,79,22,0,185
-.5530037,.4545455,.4177215,79,22,0,185
-.1546632,.4545455,.4177215,79,22,1,185
-.7626567,.4545455,.4177215,79,22,0,185
-1.077136,.4545455,.4177215,79,22,0,185
2.445033,.4545455,.4177215,79,22,1,185
.3065732,.4545455,.4177215,79,22,0,185
-1.810921,.4545455,.4177215,79,22,0,185
-1.077136,.4545455,.4177215,79,22,1,185
-.0288714,.6190476,.4177215,79,21,1,186
.432365,.6190476,.4177215,79,21,0,186
.8936014,.6190476,.4177215,79,21,0,186
-.0288714,.6190476,.4177215,79,21,1,186
-.7626567,.6190476,.4177215,79,21,1,186
-.0288714,.6190476,.4177215,79,21,1,186
.3065732,.6190476,.4177215,79,21,1,186
1.899935,.6190476,.4177215,79,21,1,186
1.061324,.6190476,.4177215,79,21,0,186
-.4691426,.6190476,.4177215,79,21,0,186
.432365,.6190476,.4177215,79,21,0,186
.3065732,.6190476,.4177215,79,21,1,186
.075955,.6190476,.4177215,79,21,1,186
.3065732,.6190476,.4177215,79,21,1,186
-.2594897,.6190476,.4177215,79,21,0,186
-.0288714,.6190476,.4177215,79,21,0,186
.5791221,.6190476,.4177215,79,21,1,186
-.4691426,.6190476,.4177215,79,21,1,186
-1.538373,.6190476,.4177215,79,21,1,186
-.4691426,.6190476,.4177215,79,21,1,186
1.543525,.52,.5061728,81,25,1,187
.075955,.52,.5061728,81,25,0,187
-.5530037,.52,.5061728,81,25,1,187
2.445033,.52,.5061728,81,25,1,187
-.1546632,.52,.5061728,81,25,1,187
.5791221,.52,.5061728,81,25,1,187
2.9482,.52,.5061728,81,25,0,187
-.4691426,.52,.5061728,81,25,1,187
-.0288714,.52,.5061728,81,25,0,187
-.1546632,.52,.5061728,81,25,1,187
-.4691426,.52,.5061728,81,25,0,187
1.899935,.52,.5061728,81,25,0,187
.3065732,.52,.5061728,81,25,0,187
.1807815,.52,.5061728,81,25,0,187
-.1546632,.52,.5061728,81,25,1,187
1.291942,.52,.5061728,81,25,0,187
.8936014,.52,.5061728,81,25,0,187
.8936014,.52,.5061728,81,25,1,187
.1807815,.52,.5061728,81,25,1,187
1.291942,.52,.5061728,81,25,1,187
1.291942,.52,.5061728,81,25,1,187
-1.077136,.52,.5061728,81,25,0,187
-1.68513,.52,.5061728,81,25,0,187
-.5530037,.52,.5061728,81,25,0,187
-.0288714,.5,.5061728,81,24,0,188
-.2594897,.5,.5061728,81,24,0,188
-.0288714,.5,.5061728,81,24,0,188
1.291942,.5,.5061728,81,24,0,188
-1.181962,.5,.5061728,81,24,1,188
-.3643161,.5,.5061728,81,24,1,188
.3065732,.5,.5061728,81,24,0,188
-.5530037,.5,.5061728,81,24,1,188
-.2594897,.5,.5061728,81,24,0,188
1.291942,.5,.5061728,81,24,1,188
-.2594897,.5,.5061728,81,24,1,188
-.4691426,.5,.5061728,81,24,0,188
.075955,.5,.5061728,81,24,1,188
-.3643161,.5,.5061728,81,24,0,188
-.8674831,.5,.5061728,81,24,0,188
-1.957678,.5,.5061728,81,24,0,188
-.2594897,.5,.5061728,81,24,1,188
.1807815,.5,.5061728,81,24,1,188
.1807815,.5,.5061728,81,24,1,188
-1.538373,.5,.5061728,81,24,1,188
-.1546632,.5,.5061728,81,24,1,188
-1.307754,.5,.5061728,81,24,1,188
.3065732,.375,.5061728,81,16,0,189
2.445033,.375,.5061728,81,16,0,189
.1807815,.375,.5061728,81,16,0,189
.075955,.375,.5061728,81,16,0,189
-.5530037,.375,.5061728,81,16,0,189
1.061324,.375,.5061728,81,16,1,189
-.7626567,.375,.5061728,81,16,0,189
-1.538373,.375,.5061728,81,16,1,189
-1.077136,.375,.5061728,81,16,0,189
.5791221,.375,.5061728,81,16,0,189
1.061324,.375,.5061728,81,16,0,189
-.3643161,.375,.5061728,81,16,0,189
.5791221,.375,.5061728,81,16,1,189
-.4691426,.375,.5061728,81,16,1,189
.075955,.625,.5061728,81,16,1,190
1.061324,.625,.5061728,81,16,1,190
2.445033,.625,.5061728,81,16,0,190
.8936014,.625,.5061728,81,16,1,190
1.899935,.625,.5061728,81,16,1,190
2.445033,.625,.5061728,81,16,0,190
2.445033,.625,.5061728,81,16,0,190
2.9482,.625,.5061728,81,16,1,190
2.9482,.625,.5061728,81,16,0,190
1.899935,.625,.5061728,81,16,1,190
-.7626567,.625,.5061728,81,16,1,190
.5791221,.625,.5061728,81,16,0,190
1.899935,.625,.5061728,81,16,1,190
2.445033,.625,.5061728,81,16,0,190
1.291942,.625,.5061728,81,16,1,190
1.543525,.4090909,.4918033,61,22,1,191
-.1546632,.4090909,.4918033,61,22,0,191
1.899935,.4090909,.4918033,61,22,0,191
.8936014,.4090909,.4918033,61,22,0,191
-.3643161,.4090909,.4918033,61,22,1,191
.3065732,.4090909,.4918033,61,22,0,191
.432365,.4090909,.4918033,61,22,1,191
2.445033,.4090909,.4918033,61,22,0,191
.8936014,.4090909,.4918033,61,22,1,191
.432365,.4090909,.4918033,61,22,1,191
-.1546632,.4090909,.4918033,61,22,0,191
.432365,.4090909,.4918033,61,22,0,191
.432365,.4090909,.4918033,61,22,1,191
1.543525,.4090909,.4918033,61,22,0,191
2.9482,.4090909,.4918033,61,22,1,191
.7258791,.4090909,.4918033,61,22,1,191
-.4691426,.4090909,.4918033,61,22,0,191
.075955,.4090909,.4918033,61,22,0,191
-.0288714,.4090909,.4918033,61,22,0,191
.7258791,.4090909,.4918033,61,22,0,191
.3065732,.5625,.4918033,61,16,1,192
.1807815,.5625,.4918033,61,16,1,192
.1807815,.5625,.4918033,61,16,1,192
.1807815,.5625,.4918033,61,16,1,192
.1807815,.5625,.4918033,61,16,0,192
1.899935,.5625,.4918033,61,16,0,192
-.0288714,.5625,.4918033,61,16,1,192
.432365,.5625,.4918033,61,16,1,192
.3065732,.5625,.4918033,61,16,0,192
1.291942,.5625,.4918033,61,16,0,192
-.1546632,.5625,.4918033,61,16,1,192
1.543525,.5625,.4918033,61,16,0,192
.7258791,.5625,.4918033,61,16,1,192
2.9482,.5625,.4918033,61,16,0,192
1.899935,.5625,.4918033,61,16,0,192
.432365,.5217391,.4918033,61,23,1,193
.5791221,.5217391,.4918033,61,23,0,193
.7258791,.5217391,.4918033,61,23,0,193
2.445033,.5217391,.4918033,61,23,1,193
.5791221,.5217391,.4918033,61,23,0,193
1.291942,.5217391,.4918033,61,23,1,193
1.061324,.5217391,.4918033,61,23,0,193
.1807815,.5217391,.4918033,61,23,0,193
1.061324,.5217391,.4918033,61,23,1,193
1.899935,.5217391,.4918033,61,23,1,193
1.061324,.5217391,.4918033,61,23,1,193
1.543525,.5217391,.4918033,61,23,1,193
-1.810921,.5217391,.4918033,61,23,0,193
1.543525,.5217391,.4918033,61,23,0,193
.7258791,.5217391,.4918033,61,23,1,193
1.061324,.5217391,.4918033,61,23,0,193
-1.810921,.5217391,.4918033,61,23,0,193
-.7626567,.5217391,.4918033,61,23,1,193
.5791221,.5217391,.4918033,61,23,0,193
1.899935,.5217391,.4918033,61,23,1,193
1.061324,.5217391,.4918033,61,23,1,193
.432365,.5217391,.4918033,61,23,1,193
.3065732,.5217391,.4918033,61,23,0,193
.8936014,.4347826,.4827586,58,23,1,194
-.5530037,.4347826,.4827586,58,23,1,194
.8936014,.4347826,.4827586,58,23,0,194
.432365,.4347826,.4827586,58,23,0,194
-.3643161,.4347826,.4827586,58,23,0,194
-.3643161,.4347826,.4827586,58,23,1,194
1.291942,.4347826,.4827586,58,23,0,194
.5791221,.4347826,.4827586,58,23,1,194
1.061324,.4347826,.4827586,58,23,0,194
.432365,.4347826,.4827586,58,23,1,194
.7258791,.4347826,.4827586,58,23,0,194
.432365,.4347826,.4827586,58,23,0,194
.8936014,.4347826,.4827586,58,23,0,194
.1807815,.4347826,.4827586,58,23,1,194
-1.307754,.4347826,.4827586,58,23,0,194
2.445033,.4347826,.4827586,58,23,0,194
-.0288714,.4347826,.4827586,58,23,1,194
1.061324,.4347826,.4827586,58,23,1,194
1.543525,.4347826,.4827586,58,23,0,194
-.4691426,.4347826,.4827586,58,23,0,194
.075955,.4347826,.4827586,58,23,1,194
.432365,.4347826,.4827586,58,23,1,194
.5791221,.5714286,.4827586,58,14,1,195
1.899935,.5714286,.4827586,58,14,1,195
-.8674831,.5714286,.4827586,58,14,1,195
1.061324,.5714286,.4827586,58,14,1,195
-1.68513,.5714286,.4827586,58,14,1,195
1.291942,.5714286,.4827586,58,14,0,195
1.291942,.5714286,.4827586,58,14,0,195
1.543525,.5714286,.4827586,58,14,1,195
-.1546632,.5714286,.4827586,58,14,0,195
1.543525,.5714286,.4827586,58,14,0,195
.5791221,.5714286,.4827586,58,14,1,195
.8936014,.5714286,.4827586,58,14,0,195
-.6578302,.5714286,.4827586,58,14,0,195
2.445033,.5714286,.4827586,58,14,1,195
-.5530037,.4761905,.4827586,58,21,1,196
1.061324,.4761905,.4827586,58,21,0,196
.3065732,.4761905,.4827586,58,21,0,196
-.9723096,.4761905,.4827586,58,21,0,196
.075955,.4761905,.4827586,58,21,0,196
-.7626567,.4761905,.4827586,58,21,1,196
-.2594897,.4761905,.4827586,58,21,0,196
-.0288714,.4761905,.4827586,58,21,0,196
-.6578302,.4761905,.4827586,58,21,0,196
1.291942,.4761905,.4827586,58,21,0,196
-.9723096,.4761905,.4827586,58,21,1,196
1.061324,.4761905,.4827586,58,21,0,196
-.8674831,.4761905,.4827586,58,21,1,196
.432365,.4761905,.4827586,58,21,1,196
1.291942,.4761905,.4827586,58,21,1,196
-.5530037,.4761905,.4827586,58,21,0,196
-.2594897,.4761905,.4827586,58,21,1,196
1.899935,.4761905,.4827586,58,21,1,196
.8936014,.4761905,.4827586,58,21,1,196
.432365,.4761905,.4827586,58,21,1,196
-.7626567,.4,.52,100,15,0,197
-.2594897,.4,.52,100,15,0,197
.7258791,.4,.52,100,15,0,197
1.061324,.4,.52,100,15,0,197
-1.412581,.4,.52,100,15,0,197
.432365,.4,.52,100,15,1,197
.1807815,.4,.52,100,15,0,197
2.445033,.4,.52,100,15,1,197
1.543525,.4,.52,100,15,0,197
-.3643161,.4,.52,100,15,0,197
-1.538373,.4,.52,100,15,1,197
.3065732,.4,.52,100,15,0,197
-.0288714,.4,.52,100,15,1,197
-.0288714,.4,.52,100,15,1,197
.1807815,.5833333,.52,100,24,1,198
.1807815,.5833333,.52,100,24,1,198
-.1546632,.5833333,.52,100,24,1,198
.1807815,.5833333,.52,100,24,0,198
.5791221,.5833333,.52,100,24,0,198
.8936014,.5833333,.52,100,24,0,198
1.899935,.5833333,.52,100,24,1,198
.075955,.5833333,.52,100,24,1,198
-.1546632,.5833333,.52,100,24,1,198
-.4691426,.5833333,.52,100,24,0,198
-.5530037,.5833333,.52,100,24,1,198
-.0288714,.5833333,.52,100,24,1,198
.8936014,.5833333,.52,100,24,0,198
-.2594897,.5833333,.52,100,24,1,198
.7258791,.5833333,.52,100,24,1,198
.3065732,.5833333,.52,100,24,1,198
.075955,.5833333,.52,100,24,0,198
.1807815,.5833333,.52,100,24,1,198
.1807815,.5833333,.52,100,24,1,198
-.5530037,.5833333,.52,100,24,0,198
.5791221,.5833333,.52,100,24,1,198
.432365,.5833333,.52,100,24,0,198
-.4691426,.4782609,.52,100,23,0,199
-.7626567,.4782609,.52,100,23,0,199
.075955,.4782609,.52,100,23,0,199
.3065732,.4782609,.52,100,23,1,199
1.899935,.4782609,.52,100,23,1,199
-.6578302,.4782609,.52,100,23,1,199
-.3643161,.4782609,.52,100,23,1,199
-.8674831,.4782609,.52,100,23,0,199
-.8674831,.4782609,.52,100,23,1,199
-.1546632,.4782609,.52,100,23,0,199
-.7626567,.4782609,.52,100,23,0,199
-1.077136,.4782609,.52,100,23,0,199
-.8674831,.4782609,.52,100,23,1,199
.8936014,.4782609,.52,100,23,1,199
-.5530037,.4782609,.52,100,23,1,199
-.1546632,.4782609,.52,100,23,1,199
-.6578302,.4782609,.52,100,23,1,199
-.9723096,.4782609,.52,100,23,0,199
1.291942,.4782609,.52,100,23,1,199
.432365,.4782609,.52,100,23,0,199
.5791221,.4782609,.52,100,23,0,199
-.6578302,.4782609,.52,100,23,0,199
2.445033,.625,.52,100,16,0,200
-.5530037,.625,.52,100,16,1,200
-.5530037,.625,.52,100,16,0,200
1.061324,.625,.52,100,16,1,200
-.6578302,.625,.52,100,16,0,200
-1.412581,.625,.52,100,16,1,200
-.5530037,.625,.52,100,16,1,200
.3065732,.625,.52,100,16,1,200
.1807815,.625,.52,100,16,0,200
.075955,.625,.52,100,16,1,200
1.899935,.625,.52,100,16,1,200
1.291942,.625,.52,100,16,1,200
.7258791,.625,.52,100,16,1,200
.5791221,.625,.52,100,16,1,200
-.0288714,.625,.52,100,16,0,200
-.5530037,.5,.52,100,22,1,201
-.2594897,.5,.52,100,22,0,201
-.1546632,.5,.52,100,22,0,201
.3065732,.5,.52,100,22,1,201
.7258791,.5,.52,100,22,0,201
.3065732,.5,.52,100,22,1,201
.075955,.5,.52,100,22,0,201
.432365,.5,.52,100,22,1,201
.8936014,.5,.52,100,22,0,201
.075955,.5,.52,100,22,1,201
.432365,.5,.52,100,22,0,201
-.5530037,.5,.52,100,22,0,201
-.4691426,.5,.52,100,22,1,201
-.7626567,.5,.52,100,22,1,201
1.291942,.5,.52,100,22,0,201
-.9723096,.5,.52,100,22,0,201
.7258791,.5,.52,100,22,1,201
.3065732,.5,.52,100,22,1,201
1.543525,.5,.52,100,22,0,201
-.0288714,.5,.52,100,22,1,201
1.061324,.5,.52,100,22,1,201
-.2594897,.5,.52,100,22,0,201
-2.125401,.4615385,.5225225,111,26,0,202
.432365,.4615385,.5225225,111,26,0,202
-1.412581,.4615385,.5225225,111,26,1,202
-1.307754,.4615385,.5225225,111,26,1,202
-.7626567,.4615385,.5225225,111,26,1,202
-.9723096,.4615385,.5225225,111,26,1,202
-2.754359,.4615385,.5225225,111,26,0,202
-1.68513,.4615385,.5225225,111,26,0,202
-.4691426,.4615385,.5225225,111,26,0,202
-1.077136,.4615385,.5225225,111,26,0,202
-.6578302,.4615385,.5225225,111,26,1,202
-1.307754,.4615385,.5225225,111,26,1,202
-.2594897,.4615385,.5225225,111,26,1,202
-1.412581,.4615385,.5225225,111,26,1,202
-3.467179,.4615385,.5225225,111,26,1,202
-.5530037,.4615385,.5225225,111,26,0,202
-3.068839,.4615385,.5225225,111,26,0,202
-.3643161,.4615385,.5225225,111,26,0,202
-1.810921,.4615385,.5225225,111,26,0,202
-1.538373,.4615385,.5225225,111,26,1,202
-1.810921,.4615385,.5225225,111,26,0,202
-.7626567,.4615385,.5225225,111,26,0,202
-1.68513,.4615385,.5225225,111,26,1,202
-1.181962,.4615385,.5225225,111,26,0,202
-.5530037,.4615385,.5225225,111,26,1,202
-.0288714,.5,.5225225,111,16,1,203
-.5530037,.5,.5225225,111,16,1,203
-.5530037,.5,.5225225,111,16,1,203
-.0288714,.5,.5225225,111,16,0,203
-1.181962,.5,.5225225,111,16,0,203
-1.077136,.5,.5225225,111,16,0,203
-.5530037,.5,.5225225,111,16,1,203
-1.538373,.5,.5225225,111,16,0,203
-.4691426,.5,.5225225,111,16,0,203
-.7626567,.5,.5225225,111,16,0,203
-1.077136,.5,.5225225,111,16,1,203
-1.307754,.5,.5225225,111,16,0,203
-1.181962,.5,.5225225,111,16,1,203
-.3643161,.5,.5225225,111,16,0,203
-.2594897,.5,.5225225,111,16,1,203
-.5530037,.5555556,.5225225,111,27,0,204
-.9723096,.5555556,.5225225,111,27,1,204
-1.077136,.5555556,.5225225,111,27,1,204
-2.754359,.5555556,.5225225,111,27,0,204
-.5530037,.5555556,.5225225,111,27,1,204
-.5530037,.5555556,.5225225,111,27,1,204
-.4691426,.5555556,.5225225,111,27,0,204
.5791221,.5555556,.5225225,111,27,1,204
-.1546632,.5555556,.5225225,111,27,0,204
.432365,.5555556,.5225225,111,27,1,204
-.0288714,.5555556,.5225225,111,27,0,204
-.8674831,.5555556,.5225225,111,27,0,204
-.3643161,.5555556,.5225225,111,27,1,204
-.2594897,.5555556,.5225225,111,27,0,204
-.6578302,.5555556,.5225225,111,27,0,204
-.7626567,.5555556,.5225225,111,27,0,204
-.5530037,.5555556,.5225225,111,27,1,204
-1.181962,.5555556,.5225225,111,27,1,204
.3065732,.5555556,.5225225,111,27,1,204
-.1546632,.5555556,.5225225,111,27,0,204
-.0288714,.5555556,.5225225,111,27,1,204
.1807815,.5555556,.5225225,111,27,1,204
-.4691426,.5555556,.5225225,111,27,1,204
-.2594897,.5185185,.5225225,111,27,1,205
-1.412581,.5185185,.5225225,111,27,0,205
-1.810921,.5185185,.5225225,111,27,1,205
-.5530037,.5185185,.5225225,111,27,1,205
-1.307754,.5185185,.5225225,111,27,1,205
-.6578302,.5185185,.5225225,111,27,0,205
-.8674831,.5185185,.5225225,111,27,1,205
-.8674831,.5185185,.5225225,111,27,1,205
-2.125401,.5185185,.5225225,111,27,0,205
.5791221,.5185185,.5225225,111,27,1,205
-.8674831,.5185185,.5225225,111,27,1,205
-1.181962,.5185185,.5225225,111,27,0,205
-1.181962,.5185185,.5225225,111,27,0,205
-1.181962,.5185185,.5225225,111,27,0,205
-.7626567,.5185185,.5225225,111,27,0,205
-.8674831,.5185185,.5225225,111,27,1,205
-.0288714,.5185185,.5225225,111,27,1,205
-1.412581,.5185185,.5225225,111,27,1,205
-.9723096,.5185185,.5225225,111,27,0,205
-.2594897,.5185185,.5225225,111,27,0,205
.075955,.5185185,.5225225,111,27,1,205
-.3643161,.5185185,.5225225,111,27,0,205
-.9723096,.5185185,.5225225,111,27,0,205
-.1546632,.5185185,.5225225,111,27,0,205
-.2594897,.5185185,.5225225,111,27,0,205
-.8674831,.5185185,.5225225,111,27,1,205
-1.307754,.5185185,.5225225,111,27,1,205
-.6578302,.6,.5225225,111,15,1,206
.1807815,.6,.5225225,111,15,0,206
-.5530037,.6,.5225225,111,15,1,206
-.5530037,.6,.5225225,111,15,1,206
-1.412581,.6,.5225225,111,15,0,206
-.8674831,.6,.5225225,111,15,0,206
-.4691426,.6,.5225225,111,15,1,206
-.0288714,.6,.5225225,111,15,1,206
-.8674831,.6,.5225225,111,15,1,206
-1.077136,.6,.5225225,111,15,0,206
-.1546632,.6,.5225225,111,15,0,206
.075955,.6,.5225225,111,15,1,206
-1.181962,.6,.5225225,111,15,1,206
-1.307754,.4375,.4958678,121,16,1,207
-.3643161,.4375,.4958678,121,16,0,207
-.9723096,.4375,.4958678,121,16,0,207
.1807815,.4375,.4958678,121,16,1,207
.8936014,.4375,.4958678,121,16,1,207
-1.810921,.4375,.4958678,121,16,0,207
.432365,.4375,.4958678,121,16,0,207
-.9723096,.4375,.4958678,121,16,0,207
-1.810921,.4375,.4958678,121,16,0,207
-.9723096,.4375,.4958678,121,16,1,207
.8936014,.4375,.4958678,121,16,1,207
-1.077136,.4375,.4958678,121,16,0,207
-.5530037,.4375,.4958678,121,16,1,207
-.2594897,.4375,.4958678,121,16,0,207
-.5530037,.4375,.4958678,121,16,1,207
-.8674831,.4375,.4958678,121,16,0,207
-1.077136,.5,.4958678,121,16,0,208
-1.68513,.5,.4958678,121,16,0,208
-1.077136,.5,.4958678,121,16,0,208
-.8674831,.5,.4958678,121,16,1,208
-.3643161,.5,.4958678,121,16,0,208
-1.077136,.5,.4958678,121,16,1,208
-.9723096,.5,.4958678,121,16,0,208
-1.957678,.5,.4958678,121,16,0,208
-1.810921,.5,.4958678,121,16,1,208
-.7626567,.5,.4958678,121,16,1,208
-.9723096,.5,.4958678,121,16,1,208
-1.68513,.5,.4958678,121,16,1,208
.5791221,.5454546,.4958678,121,22,0,209
-1.957678,.5454546,.4958678,121,22,0,209
.1807815,.5454546,.4958678,121,22,1,209
-1.077136,.5454546,.4958678,121,22,0,209
-.7626567,.5454546,.4958678,121,22,0,209
-.8674831,.5454546,.4958678,121,22,0,209
-.3643161,.5454546,.4958678,121,22,1,209
-.3643161,.5454546,.4958678,121,22,0,209
-1.181962,.5454546,.4958678,121,22,1,209
-.6578302,.5454546,.4958678,121,22,0,209
-.3643161,.5454546,.4958678,121,22,0,209
-.7626567,.5454546,.4958678,121,22,1,209
-.5530037,.5454546,.4958678,121,22,1,209
.8936014,.5454546,.4958678,121,22,1,209
-.7626567,.5454546,.4958678,121,22,0,209
.075955,.5454546,.4958678,121,22,1,209
-1.68513,.5454546,.4958678,121,22,0,209
-.9723096,.5454546,.4958678,121,22,1,209
.3065732,.5454546,.4958678,121,22,1,209
-1.307754,.5454546,.4958678,121,22,1,209
-.2594897,.4285714,.4958678,121,21,0,210
.075955,.4285714,.4958678,121,21,0,210
-1.68513,.4285714,.4958678,121,21,0,210
-1.538373,.4285714,.4958678,121,21,1,210
-1.68513,.4285714,.4958678,121,21,0,210
-.3643161,.4285714,.4958678,121,21,1,210
-.7626567,.4285714,.4958678,121,21,1,210
-1.810921,.4285714,.4958678,121,21,0,210
-1.538373,.4285714,.4958678,121,21,1,210
-1.412581,.4285714,.4958678,121,21,1,210
-1.957678,.4285714,.4958678,121,21,0,210
-1.077136,.4285714,.4958678,121,21,1,210
-.8674831,.4285714,.4958678,121,21,0,210
-2.125401,.4285714,.4958678,121,21,0,210
-2.125401,.4285714,.4958678,121,21,0,210
-1.957678,.4285714,.4958678,121,21,1,210
-1.181962,.4285714,.4958678,121,21,0,210
-1.307754,.5416667,.4958678,121,24,1,211
-1.077136,.5416667,.4958678,121,24,1,211
-1.077136,.5416667,.4958678,121,24,1,211
-.5530037,.5416667,.4958678,121,24,0,211
-.7626567,.5416667,.4958678,121,24,1,211
-.6578302,.5416667,.4958678,121,24,0,211
-.7626567,.5416667,.4958678,121,24,1,211
-.7626567,.5416667,.4958678,121,24,0,211
-1.810921,.5416667,.4958678,121,24,1,211
-.6578302,.5416667,.4958678,121,24,1,211
-.9723096,.5416667,.4958678,121,24,1,211
-.7626567,.5416667,.4958678,121,24,1,211
.432365,.5416667,.4958678,121,24,0,211
-.4691426,.5416667,.4958678,121,24,0,211
.5791221,.5416667,.4958678,121,24,0,211
-.8674831,.5416667,.4958678,121,24,1,211
-.9723096,.5416667,.4958678,121,24,1,211
-1.412581,.5416667,.4958678,121,24,0,211
-1.538373,.5416667,.4958678,121,24,1,211
-1.077136,.5416667,.4958678,121,24,0,211
-1.412581,.5416667,.4958678,121,24,1,211
-.9723096,.5416667,.4958678,121,24,0,211
-1.077136,.5,.4958678,121,22,1,212
-1.181962,.5,.4958678,121,22,0,212
-.6578302,.5,.4958678,121,22,0,212
.075955,.5,.4958678,121,22,1,212
-.5530037,.5,.4958678,121,22,0,212
-1.077136,.5,.4958678,121,22,0,212
-.7626567,.5,.4958678,121,22,0,212
-1.957678,.5,.4958678,121,22,1,212
-1.412581,.5,.4958678,121,22,1,212
-1.077136,.5,.4958678,121,22,1,212
-.6578302,.5,.4958678,121,22,1,212
-.9723096,.5,.4958678,121,22,1,212
-2.125401,.5,.4958678,121,22,0,212
-.1546632,.5,.4958678,121,22,0,212
-.2594897,.5,.4958678,121,22,0,212
-.9723096,.5,.4958678,121,22,0,212
-.9723096,.5,.4958678,121,22,0,212
-.9723096,.5,.4958678,121,22,1,212
-.6578302,.5,.4958678,121,22,1,212
-.3643161,.5,.4958678,121,22,1,212
-.9723096,.5,.4958678,121,22,0,212
-.3643161,.48,.4414414,111,25,0,213
-.9723096,.48,.4414414,111,25,1,213
-.0288714,.48,.4414414,111,25,1,213
-.4691426,.48,.4414414,111,25,0,213
-.7626567,.48,.4414414,111,25,0,213
-1.412581,.48,.4414414,111,25,0,213
-1.077136,.48,.4414414,111,25,1,213
-1.307754,.48,.4414414,111,25,1,213
-1.810921,.48,.4414414,111,25,1,213
-1.307754,.48,.4414414,111,25,1,213
-.5530037,.48,.4414414,111,25,0,213
-2.523741,.48,.4414414,111,25,0,213
-.0288714,.48,.4414414,111,25,1,213
-1.181962,.48,.4414414,111,25,0,213
-.6578302,.48,.4414414,111,25,0,213
-1.181962,.48,.4414414,111,25,0,213
-.6578302,.48,.4414414,111,25,0,213
-1.68513,.48,.4414414,111,25,1,213
-.9723096,.48,.4414414,111,25,0,213
-1.307754,.48,.4414414,111,25,0,213
-.6578302,.48,.4414414,111,25,1,213
-1.957678,.48,.4414414,111,25,1,213
1.061324,.48,.4414414,111,25,1,213
-1.181962,.48,.4414414,111,25,1,213
-.6578302,.4705882,.4414414,111,17,0,214
.1807815,.4705882,.4414414,111,17,0,214
-1.307754,.4705882,.4414414,111,17,0,214
-.0288714,.4705882,.4414414,111,17,1,214
-1.538373,.4705882,.4414414,111,17,1,214
-1.307754,.4705882,.4414414,111,17,0,214
-.6578302,.4705882,.4414414,111,17,1,214
.7258791,.4705882,.4414414,111,17,1,214
-.1546632,.4705882,.4414414,111,17,0,214
-.6578302,.4705882,.4414414,111,17,1,214
-1.68513,.4705882,.4414414,111,17,0,214
.7258791,.4705882,.4414414,111,17,0,214
.075955,.4705882,.4414414,111,17,1,214
-1.077136,.4705882,.4414414,111,17,1,214
.1807815,.4705882,.4414414,111,17,0,214
.5791221,.4705882,.4414414,111,17,0,214
-1.077136,.4705882,.4414414,111,17,1,214
.1807815,.6470588,.4414414,111,17,1,215
-.3643161,.6470588,.4414414,111,17,1,215
-.0288714,.6470588,.4414414,111,17,0,215
.7258791,.6470588,.4414414,111,17,1,215
-1.307754,.6470588,.4414414,111,17,1,215
-.8674831,.6470588,.4414414,111,17,0,215
.8936014,.6470588,.4414414,111,17,1,215
.5791221,.6470588,.4414414,111,17,1,215
.1807815,.6470588,.4414414,111,17,1,215
-.8674831,.6470588,.4414414,111,17,0,215
.432365,.6470588,.4414414,111,17,1,215
.5791221,.6470588,.4414414,111,17,0,215
.432365,.6470588,.4414414,111,17,1,215
1.291942,.6470588,.4414414,111,17,0,215
-1.077136,.6470588,.4414414,111,17,1,215
-1.181962,.6470588,.4414414,111,17,1,215
.1807815,.3461539,.4414414,111,26,0,216
-.8674831,.3461539,.4414414,111,26,1,216
-1.412581,.3461539,.4414414,111,26,0,216
-.9723096,.3461539,.4414414,111,26,0,216
-1.077136,.3461539,.4414414,111,26,0,216
-.7626567,.3461539,.4414414,111,26,1,216
-.5530037,.3461539,.4414414,111,26,0,216
-.7626567,.3461539,.4414414,111,26,1,216
-1.077136,.3461539,.4414414,111,26,0,216
-1.538373,.3461539,.4414414,111,26,0,216
-1.307754,.3461539,.4414414,111,26,1,216
-.8674831,.3461539,.4414414,111,26,0,216
-1.077136,.3461539,.4414414,111,26,0,216
-1.810921,.3461539,.4414414,111,26,0,216
-1.181962,.3461539,.4414414,111,26,0,216
-.3643161,.3461539,.4414414,111,26,0,216
-1.412581,.3461539,.4414414,111,26,0,216
-1.538373,.3461539,.4414414,111,26,1,216
-.6578302,.3461539,.4414414,111,26,1,216
-1.957678,.3461539,.4414414,111,26,1,216
-.8674831,.3461539,.4414414,111,26,1,216
-1.077136,.3461539,.4414414,111,26,0,216
-.2594897,.3461539,.4414414,111,26,0,216
-1.181962,.3461539,.4414414,111,26,0,216
-1.810921,.3461539,.4414414,111,26,0,217
-1.077136,.3461539,.4414414,111,26,1,217
-1.68513,.3461539,.4414414,111,26,0,217
-1.181962,.3461539,.4414414,111,26,1,217
-1.181962,.3461539,.4414414,111,26,0,217
-.7626567,.3461539,.4414414,111,26,0,217
-1.538373,.3461539,.4414414,111,26,0,217
-1.538373,.3461539,.4414414,111,26,0,217
-.3643161,.3461539,.4414414,111,26,0,217
-.7626567,.3461539,.4414414,111,26,0,217
-1.307754,.3461539,.4414414,111,26,1,217
-2.754359,.3461539,.4414414,111,26,0,217
-1.077136,.3461539,.4414414,111,26,0,217
-2.125401,.3461539,.4414414,111,26,0,217
-1.307754,.3461539,.4414414,111,26,0,217
-.9723096,.3461539,.4414414,111,26,0,217
-1.957678,.3461539,.4414414,111,26,0,217
-1.077136,.3461539,.4414414,111,26,0,217
-.4691426,.3461539,.4414414,111,26,0,217
-.1546632,.3461539,.4414414,111,26,1,217
-1.810921,.3461539,.4414414,111,26,1,217
-.4691426,.3461539,.4414414,111,26,1,217
-2.125401,.3461539,.4414414,111,26,1,217
-1.181962,.3461539,.4414414,111,26,1,217
.3065732,.3461539,.4414414,111,26,1,217
-.4691426,.6470588,.5625,80,17,1,218
.3065732,.6470588,.5625,80,17,1,218
-.1546632,.6470588,.5625,80,17,1,218
1.061324,.6470588,.5625,80,17,1,218
-.1546632,.6470588,.5625,80,17,1,218
.075955,.6470588,.5625,80,17,1,218
-.7626567,.6470588,.5625,80,17,0,218
-.9723096,.6470588,.5625,80,17,0,218
.5791221,.6470588,.5625,80,17,0,218
-.1546632,.6470588,.5625,80,17,0,218
.5791221,.6470588,.5625,80,17,1,218
-.8674831,.6470588,.5625,80,17,1,218
1.543525,.6470588,.5625,80,17,1,218
-.7626567,.6470588,.5625,80,17,1,218
.1807815,.6470588,.5625,80,17,1,218
-.0288714,.6470588,.5625,80,17,0,218
1.061324,.6470588,.5625,80,17,0,218
-.6578302,.5238096,.5625,80,21,0,219
-1.810921,.5238096,.5625,80,21,0,219
1.899935,.5238096,.5625,80,21,1,219
-.6578302,.5238096,.5625,80,21,1,219
.8936014,.5238096,.5625,80,21,1,219
-1.307754,.5238096,.5625,80,21,0,219
-.2594897,.5238096,.5625,80,21,0,219
-1.412581,.5238096,.5625,80,21,0,219
-.2594897,.5238096,.5625,80,21,0,219
-.2594897,.5238096,.5625,80,21,0,219
-.1546632,.5238096,.5625,80,21,1,219
-.3643161,.5238096,.5625,80,21,1,219
1.543525,.5238096,.5625,80,21,0,219
.432365,.5238096,.5625,80,21,1,219
.432365,.5238096,.5625,80,21,1,219
-.6578302,.5238096,.5625,80,21,1,219
.1807815,.5238096,.5625,80,21,1,219
.5791221,.5238096,.5625,80,21,1,219
-1.307754,.5238096,.5625,80,21,0,219
1.291942,.5238096,.5625,80,21,1,219
-1.181962,.4761905,.5625,80,21,0,220
-.9723096,.4761905,.5625,80,21,1,220
-.4691426,.4761905,.5625,80,21,1,220
-.4691426,.4761905,.5625,80,21,1,220
-.6578302,.4761905,.5625,80,21,0,220
-.4691426,.4761905,.5625,80,21,0,220
-1.077136,.4761905,.5625,80,21,0,220
-.7626567,.4761905,.5625,80,21,1,220
-.4691426,.4761905,.5625,80,21,0,220
-.7626567,.4761905,.5625,80,21,1,220
.432365,.4761905,.5625,80,21,0,220
-.5530037,.4761905,.5625,80,21,1,220
-.3643161,.4761905,.5625,80,21,1,220
-.9723096,.4761905,.5625,80,21,0,220
-.2594897,.4761905,.5625,80,21,1,220
-.6578302,.4761905,.5625,80,21,0,220
.432365,.4761905,.5625,80,21,1,220
-.6578302,.4761905,.5625,80,21,1,220
-1.181962,.4761905,.5625,80,21,0,220
-.9723096,.4761905,.5625,80,21,0,220
-1.538373,.4761905,.5625,80,21,0,220
1.291942,.6190476,.5625,80,21,1,221
-.5530037,.6190476,.5625,80,21,0,221
-.9723096,.6190476,.5625,80,21,0,221
-.1546632,.6190476,.5625,80,21,1,221
.8936014,.6190476,.5625,80,21,1,221
1.061324,.6190476,.5625,80,21,1,221
-.7626567,.6190476,.5625,80,21,0,221
.432365,.6190476,.5625,80,21,0,221
-1.412581,.6190476,.5625,80,21,0,221
.432365,.6190476,.5625,80,21,1,221
.7258791,.6190476,.5625,80,21,0,221
.1807815,.6190476,.5625,80,21,1,221
-.9723096,.6190476,.5625,80,21,0,221
-.2594897,.6190476,.5625,80,21,1,221
1.899935,.6190476,.5625,80,21,1,221
.3065732,.6190476,.5625,80,21,0,221
-.3643161,.6190476,.5625,80,21,1,221
-.3643161,.6190476,.5625,80,21,1,221
.3065732,.6190476,.5625,80,21,1,221
.3065732,.6190476,.5625,80,21,1,221
-1.957678,.3529412,.5555556,54,17,0,222
-1.957678,.3529412,.5555556,54,17,1,222
-1.181962,.3529412,.5555556,54,17,0,222
-2.125401,.3529412,.5555556,54,17,1,222
-.5530037,.3529412,.5555556,54,17,1,222
-.2594897,.3529412,.5555556,54,17,0,222
-1.307754,.3529412,.5555556,54,17,1,222
-.3643161,.3529412,.5555556,54,17,1,222
-.1546632,.3529412,.5555556,54,17,1,222
-1.307754,.3529412,.5555556,54,17,0,222
-.8674831,.3529412,.5555556,54,17,0,222
-.6578302,.3529412,.5555556,54,17,0,222
-.9723096,.3529412,.5555556,54,17,0,222
-1.412581,.3529412,.5555556,54,17,0,222
-.2594897,.3529412,.5555556,54,17,0,222
-.1546632,.5,.5555556,54,20,1,223
-.2594897,.5,.5555556,54,20,0,223
-.6578302,.5,.5555556,54,20,1,223
-1.68513,.5,.5555556,54,20,1,223
-1.307754,.5,.5555556,54,20,0,223
-.7626567,.5,.5555556,54,20,1,223
-.3643161,.5,.5555556,54,20,0,223
-.4691426,.5,.5555556,54,20,0,223
.1807815,.5,.5555556,54,20,0,223
-.7626567,.5,.5555556,54,20,0,223
-.4691426,.5,.5555556,54,20,1,223
.3065732,.5,.5555556,54,20,0,223
.075955,.5,.5555556,54,20,1,223
-1.077136,.5,.5555556,54,20,0,223
-.8674831,.5,.5555556,54,20,0,223
-.9723096,.5,.5555556,54,20,0,223
-.3643161,.5,.5555556,54,20,1,223
-.1546632,.5,.5555556,54,20,1,223
-.2594897,.8235294,.5555556,54,17,1,224
-.2594897,.8235294,.5555556,54,17,1,224
-.4691426,.8235294,.5555556,54,17,1,224
-.5530037,.8235294,.5555556,54,17,1,224
-1.68513,.8235294,.5555556,54,17,1,224
-.0288714,.8235294,.5555556,54,17,1,224
-1.307754,.8235294,.5555556,54,17,0,224
-.5530037,.8235294,.5555556,54,17,1,224
-1.181962,.8235294,.5555556,54,17,1,224
-1.077136,.8235294,.5555556,54,17,1,224
-.3643161,.8235294,.5555556,54,17,1,224
-.4691426,.8235294,.5555556,54,17,0,224
-1.810921,.8235294,.5555556,54,17,1,224
-.1546632,.8235294,.5555556,54,17,1,224
-1.181962,.8235294,.5555556,54,17,1,224
-.6578302,.8235294,.5555556,54,17,0,224
-.2594897,.8235294,.5555556,54,17,1,224
.8936014,.6842105,.4909091,55,19,1,225
-1.68513,.6842105,.4909091,55,19,1,225
-.0288714,.6842105,.4909091,55,19,1,225
-.4691426,.6842105,.4909091,55,19,0,225
-.5530037,.6842105,.4909091,55,19,1,225
.432365,.6842105,.4909091,55,19,1,225
.7258791,.6842105,.4909091,55,19,1,225
.7258791,.6842105,.4909091,55,19,0,225
.8936014,.6842105,.4909091,55,19,0,225
1.061324,.6842105,.4909091,55,19,1,225
.8936014,.6842105,.4909091,55,19,1,225
1.291942,.6842105,.4909091,55,19,1,225
.8936014,.6842105,.4909091,55,19,1,225
.5791221,.6842105,.4909091,55,19,1,225
-1.68513,.6842105,.4909091,55,19,1,225
1.291942,.6842105,.4909091,55,19,0,225
-1.538373,.6842105,.4909091,55,19,1,225
.7258791,.6842105,.4909091,55,19,0,225
1.061324,.4285714,.4909091,55,21,1,226
-1.957678,.4285714,.4909091,55,21,1,226
-.3643161,.4285714,.4909091,55,21,1,226
-.7626567,.4285714,.4909091,55,21,0,226
.7258791,.4285714,.4909091,55,21,0,226
.7258791,.4285714,.4909091,55,21,0,226
1.061324,.4285714,.4909091,55,21,1,226
-.8674831,.4285714,.4909091,55,21,0,226
.7258791,.4285714,.4909091,55,21,0,226
.5791221,.4285714,.4909091,55,21,1,226
.8936014,.4285714,.4909091,55,21,1,226
.432365,.4285714,.4909091,55,21,0,226
-.6578302,.4285714,.4909091,55,21,0,226
1.899935,.4285714,.4909091,55,21,0,226
-1.307754,.4285714,.4909091,55,21,0,226
-1.307754,.4285714,.4909091,55,21,1,226
-.1546632,.4285714,.4909091,55,21,0,226
.5791221,.4285714,.4909091,55,21,0,226
.8936014,.4285714,.4909091,55,21,1,226
.8936014,.3333333,.4909091,55,15,1,227
1.899935,.3333333,.4909091,55,15,1,227
.7258791,.3333333,.4909091,55,15,0,227
.7258791,.3333333,.4909091,55,15,1,227
-.3643161,.3333333,.4909091,55,15,0,227
1.543525,.3333333,.4909091,55,15,0,227
2.445033,.3333333,.4909091,55,15,0,227
.7258791,.3333333,.4909091,55,15,0,227
.3065732,.3333333,.4909091,55,15,0,227
.5791221,.3333333,.4909091,55,15,0,227
1.899935,.3333333,.4909091,55,15,0,227
.5791221,.3333333,.4909091,55,15,0,227
-.3643161,.3333333,.4909091,55,15,1,227
.8936014,.3333333,.4731183,93,27,0,228
-.7626567,.3333333,.4731183,93,27,0,228
.075955,.3333333,.4731183,93,27,1,228
.5791221,.3333333,.4731183,93,27,0,228
2.445033,.3333333,.4731183,93,27,0,228
1.061324,.3333333,.4731183,93,27,1,228
.075955,.3333333,.4731183,93,27,1,228
-.7626567,.3333333,.4731183,93,27,1,228
.432365,.3333333,.4731183,93,27,0,228
-.1546632,.3333333,.4731183,93,27,0,228
.075955,.3333333,.4731183,93,27,0,228
.3065732,.3333333,.4731183,93,27,0,228
-.8674831,.3333333,.4731183,93,27,0,228
1.061324,.3333333,.4731183,93,27,1,228
-.0288714,.3333333,.4731183,93,27,0,228
1.061324,.3333333,.4731183,93,27,0,228
2.9482,.3333333,.4731183,93,27,1,228
2.9482,.3333333,.4731183,93,27,1,228
-.0288714,.3333333,.4731183,93,27,0,228
1.291942,.3333333,.4731183,93,27,0,228
.1807815,.5333334,.4731183,93,15,0,229
.075955,.5333334,.4731183,93,15,0,229
.3065732,.5333334,.4731183,93,15,1,229
1.543525,.5333334,.4731183,93,15,1,229
.8936014,.5333334,.4731183,93,15,0,229
.8936014,.5333334,.4731183,93,15,0,229
.3065732,.5333334,.4731183,93,15,1,229
.075955,.5333334,.4731183,93,15,1,229
1.291942,.5333334,.4731183,93,15,1,229
1.543525,.5333334,.4731183,93,15,1,229
-.1546632,.5333334,.4731183,93,15,0,229
.1807815,.5333334,.4731183,93,15,0,229
.075955,.5333334,.4731183,93,15,1,229
-.1546632,.4782609,.4731183,93,23,0,230
-.8674831,.4782609,.4731183,93,23,0,230
.5791221,.4782609,.4731183,93,23,0,230
.8936014,.4782609,.4731183,93,23,0,230
-.3643161,.4782609,.4731183,93,23,0,230
1.061324,.4782609,.4731183,93,23,0,230
.8936014,.4782609,.4731183,93,23,1,230
1.899935,.4782609,.4731183,93,23,1,230
-.0288714,.4782609,.4731183,93,23,1,230
.8936014,.4782609,.4731183,93,23,0,230
.7258791,.4782609,.4731183,93,23,1,230
.075955,.4782609,.4731183,93,23,1,230
-.5530037,.4782609,.4731183,93,23,1,230
.432365,.4782609,.4731183,93,23,0,230
-.6578302,.4782609,.4731183,93,23,0,230
.7258791,.4782609,.4731183,93,23,0,230
.8936014,.4782609,.4731183,93,23,1,230
.5791221,.4782609,.4731183,93,23,1,230
.5791221,.4782609,.4731183,93,23,1,230
.5791221,.4782609,.4731183,93,23,0,230
.075955,.4782609,.4731183,93,23,1,230
.432365,.5714286,.4731183,93,28,0,231
.3065732,.5714286,.4731183,93,28,0,231
.7258791,.5714286,.4731183,93,28,1,231
.5791221,.5714286,.4731183,93,28,1,231
1.061324,.5714286,.4731183,93,28,0,231
1.543525,.5714286,.4731183,93,28,0,231
-.0288714,.5714286,.4731183,93,28,1,231
2.445033,.5714286,.4731183,93,28,0,231
-.0288714,.5714286,.4731183,93,28,0,231
.8936014,.5714286,.4731183,93,28,1,231
.1807815,.5714286,.4731183,93,28,1,231
.1807815,.5714286,.4731183,93,28,1,231
.8936014,.5714286,.4731183,93,28,0,231
-.1546632,.5714286,.4731183,93,28,1,231
.1807815,.5714286,.4731183,93,28,1,231
.5791221,.5714286,.4731183,93,28,1,231
-.1546632,.5714286,.4731183,93,28,0,231
.1807815,.5714286,.4731183,93,28,0,231
.3065732,.5714286,.4731183,93,28,1,231
-.5530037,.5714286,.4731183,93,28,0,231
-.1546632,.5714286,.4731183,93,28,1,231
-.5530037,.2631579,.4642857,56,19,1,232
.1807815,.2631579,.4642857,56,19,1,232
-.2594897,.2631579,.4642857,56,19,0,232
.1807815,.2631579,.4642857,56,19,0,232
-.6578302,.2631579,.4642857,56,19,0,232
-.3643161,.2631579,.4642857,56,19,0,232
-1.181962,.2631579,.4642857,56,19,1,232
-.1546632,.2631579,.4642857,56,19,0,232
-1.181962,.2631579,.4642857,56,19,0,232
-.0288714,.2631579,.4642857,56,19,1,232
-.7626567,.2631579,.4642857,56,19,0,232
-.2594897,.2631579,.4642857,56,19,0,232
-.8674831,.2631579,.4642857,56,19,0,232
-.3643161,.2631579,.4642857,56,19,0,232
.8936014,.2631579,.4642857,56,19,1,232
-.5530037,.2631579,.4642857,56,19,0,232
-.0288714,.2631579,.4642857,56,19,0,232
-.0288714,.2631579,.4642857,56,19,0,232
-.7626567,.5238096,.4642857,56,21,1,233
-1.077136,.5238096,.4642857,56,21,1,233
-.7626567,.5238096,.4642857,56,21,0,233
-.6578302,.5238096,.4642857,56,21,0,233
.432365,.5238096,.4642857,56,21,1,233
.1807815,.5238096,.4642857,56,21,1,233
-.0288714,.5238096,.4642857,56,21,0,233
-.3643161,.5238096,.4642857,56,21,0,233
-1.68513,.5238096,.4642857,56,21,1,233
1.899935,.5238096,.4642857,56,21,0,233
1.899935,.5238096,.4642857,56,21,1,233
-.5530037,.5238096,.4642857,56,21,0,233
-1.077136,.5238096,.4642857,56,21,0,233
-.7626567,.5238096,.4642857,56,21,1,233
-.3643161,.5238096,.4642857,56,21,1,233
.1807815,.5238096,.4642857,56,21,1,233
-1.181962,.5238096,.4642857,56,21,0,233
-.4691426,.5238096,.4642857,56,21,0,233
-1.077136,.5238096,.4642857,56,21,1,233
-.2594897,.625,.4642857,56,16,1,234
.7258791,.625,.4642857,56,16,1,234
2.445033,.625,.4642857,56,16,1,234
-.5530037,.625,.4642857,56,16,1,234
1.061324,.625,.4642857,56,16,0,234
.075955,.625,.4642857,56,16,1,234
.7258791,.625,.4642857,56,16,1,234
.3065732,.625,.4642857,56,16,0,234
.8936014,.625,.4642857,56,16,1,234
1.543525,.625,.4642857,56,16,1,234
.432365,.625,.4642857,56,16,0,234
1.061324,.625,.4642857,56,16,1,234
.432365,.625,.4642857,56,16,0,234
-.9723096,.625,.4642857,56,16,0,234
-.1546632,.625,.4642857,56,16,0,234
.432365,.625,.4642857,56,16,1,234
-.0288714,.6818182,.5255474,137,22,0,235
-.5530037,.6818182,.5255474,137,22,1,235
.075955,.6818182,.5255474,137,22,1,235
.3065732,.6818182,.5255474,137,22,0,235
2.445033,.6818182,.5255474,137,22,0,235
.8936014,.6818182,.5255474,137,22,1,235
.7258791,.6818182,.5255474,137,22,1,235
-1.077136,.6818182,.5255474,137,22,1,235
1.899935,.6818182,.5255474,137,22,1,235
-.7626567,.6818182,.5255474,137,22,1,235
-1.181962,.6818182,.5255474,137,22,1,235
-1.412581,.6818182,.5255474,137,22,1,235
-1.307754,.6818182,.5255474,137,22,1,235
.1807815,.6818182,.5255474,137,22,1,235
-1.077136,.6818182,.5255474,137,22,0,235
-1.181962,.6818182,.5255474,137,22,1,235
-.7626567,.6818182,.5255474,137,22,0,235
.3065732,.6818182,.5255474,137,22,0,235
-.0288714,.6818182,.5255474,137,22,1,235
-.1546632,.6818182,.5255474,137,22,0,235
-.3643161,.6818182,.5255474,137,22,1,235
-.4691426,.6,.5255474,137,20,1,236
-1.412581,.6,.5255474,137,20,1,236
-.7626567,.6,.5255474,137,20,0,236
-.3643161,.6,.5255474,137,20,0,236
-.3643161,.6,.5255474,137,20,1,236
-1.181962,.6,.5255474,137,20,1,236
-.8674831,.6,.5255474,137,20,1,236
-.0288714,.6,.5255474,137,20,1,236
-.1546632,.6,.5255474,137,20,0,236
-1.538373,.6,.5255474,137,20,0,236
.3065732,.6,.5255474,137,20,1,236
-.0288714,.6,.5255474,137,20,1,236
.7258791,.6,.5255474,137,20,1,236
-1.077136,.6,.5255474,137,20,0,236
-1.538373,.6,.5255474,137,20,0,236
-.3643161,.6,.5255474,137,20,1,236
-.7626567,.6,.5255474,137,20,1,236
-.4691426,.6,.5255474,137,20,0,236
-.7626567,.6,.5255474,137,20,0,236
-.8674831,.6,.5255474,137,20,1,236
.7258791,.375,.5255474,137,16,1,237
2.445033,.375,.5255474,137,16,0,237
-1.181962,.375,.5255474,137,16,0,237
1.061324,.375,.5255474,137,16,0,237
1.061324,.375,.5255474,137,16,0,237
.7258791,.375,.5255474,137,16,0,237
.075955,.375,.5255474,137,16,1,237
.1807815,.375,.5255474,137,16,0,237
1.061324,.375,.5255474,137,16,0,237
1.899935,.375,.5255474,137,16,1,237
1.543525,.375,.5255474,137,16,0,237
-1.181962,.375,.5255474,137,16,0,237
1.061324,.375,.5255474,137,16,1,237
.432365,.375,.5255474,137,16,0,237
-.2594897,.3,.5255474,137,20,1,238
.075955,.3,.5255474,137,20,0,238
-.9723096,.3,.5255474,137,20,1,238
-.9723096,.3,.5255474,137,20,0,238
.1807815,.3,.5255474,137,20,0,238
-1.181962,.3,.5255474,137,20,0,238
-.6578302,.3,.5255474,137,20,1,238
-1.181962,.3,.5255474,137,20,0,238
.3065732,.3,.5255474,137,20,0,238
.8936014,.3,.5255474,137,20,1,238
-.8674831,.3,.5255474,137,20,0,238
.432365,.3,.5255474,137,20,0,238
-.8674831,.3,.5255474,137,20,0,238
-1.68513,.3,.5255474,137,20,0,238
-1.181962,.3,.5255474,137,20,0,238
-.1546632,.3,.5255474,137,20,0,238
-.0288714,.3,.5255474,137,20,1,238
-1.412581,.3,.5255474,137,20,0,238
.3065732,.3,.5255474,137,20,1,238
-.3643161,.3,.5255474,137,20,0,238
-.1546632,.5454546,.5255474,137,22,1,239
.7258791,.5454546,.5255474,137,22,1,239
.7258791,.5454546,.5255474,137,22,0,239
.075955,.5454546,.5255474,137,22,0,239
-.3643161,.5454546,.5255474,137,22,0,239
1.291942,.5454546,.5255474,137,22,1,239
1.061324,.5454546,.5255474,137,22,1,239
-.4691426,.5454546,.5255474,137,22,1,239
.5791221,.5454546,.5255474,137,22,1,239
.8936014,.5454546,.5255474,137,22,0,239
-1.077136,.5454546,.5255474,137,22,0,239
-.1546632,.5454546,.5255474,137,22,1,239
-.9723096,.5454546,.5255474,137,22,0,239
1.291942,.5454546,.5255474,137,22,1,239
1.061324,.5454546,.5255474,137,22,1,239
2.445033,.5454546,.5255474,137,22,1,239
.7258791,.5454546,.5255474,137,22,0,239
.7258791,.5454546,.5255474,137,22,0,239
.8936014,.5454546,.5255474,137,22,0,239
-.3643161,.5454546,.5255474,137,22,1,239
-.0288714,.5454546,.5255474,137,22,1,239
-.5530037,.5454546,.5255474,137,22,1,240
-1.307754,.5454546,.5255474,137,22,1,240
-.3643161,.5454546,.5255474,137,22,1,240
.8936014,.5454546,.5255474,137,22,0,240
-.5530037,.5454546,.5255474,137,22,1,240
-.2594897,.5454546,.5255474,137,22,0,240
-.9723096,.5454546,.5255474,137,22,1,240
-.4691426,.5454546,.5255474,137,22,0,240
-.6578302,.5454546,.5255474,137,22,0,240
-.1546632,.5454546,.5255474,137,22,1,240
-.1546632,.5454546,.5255474,137,22,1,240
-.2594897,.5454546,.5255474,137,22,0,240
-.8674831,.5454546,.5255474,137,22,1,240
-.8674831,.5454546,.5255474,137,22,0,240
-.7626567,.5454546,.5255474,137,22,0,240
-.1546632,.5454546,.5255474,137,22,0,240
-.3643161,.5454546,.5255474,137,22,1,240
.432365,.5454546,.5255474,137,22,0,240
-.6578302,.5454546,.5255474,137,22,1,240
-1.077136,.5454546,.5255474,137,22,0,240
-1.307754,.5454546,.5255474,137,22,1,240
2.445033,.6,.5255474,137,15,0,241
-.1546632,.6,.5255474,137,15,1,241
2.445033,.6,.5255474,137,15,1,241
-.3643161,.6,.5255474,137,15,0,241
2.9482,.6,.5255474,137,15,1,241
1.899935,.6,.5255474,137,15,1,241
2.9482,.6,.5255474,137,15,0,241
2.9482,.6,.5255474,137,15,1,241
1.899935,.6,.5255474,137,15,1,241
1.899935,.6,.5255474,137,15,1,241
2.445033,.6,.5255474,137,15,1,241
-4.138069,.6,.5255474,137,15,0,241
2.445033,.6,.5255474,137,15,0,241
.075955,.5238096,.5,34,21,0,242
-.8674831,.5238096,.5,34,21,1,242
.3065732,.5238096,.5,34,21,0,242
-.3643161,.5238096,.5,34,21,0,242
.1807815,.5238096,.5,34,21,0,242
-.7626567,.5238096,.5,34,21,1,242
-.2594897,.5238096,.5,34,21,1,242
-.3643161,.5238096,.5,34,21,1,242
-.3643161,.5238096,.5,34,21,1,242
-1.077136,.5238096,.5,34,21,1,242
-1.68513,.5238096,.5,34,21,0,242
-.7626567,.5238096,.5,34,21,0,242
.075955,.5238096,.5,34,21,0,242
.5791221,.5238096,.5,34,21,1,242
.075955,.5238096,.5,34,21,1,242
-.2594897,.5238096,.5,34,21,1,242
-.6578302,.5238096,.5,34,21,0,242
-.3643161,.5238096,.5,34,21,0,242
-1.077136,.5238096,.5,34,21,0,242
-.1546632,.5238096,.5,34,21,1,242
-.5530037,.5238096,.5,34,21,1,242
-.3643161,.4615385,.5,34,13,1,243
-.4691426,.4615385,.5,34,13,0,243
2.9482,.4615385,.5,34,13,1,243
2.445033,.4615385,.5,34,13,1,243
-.3643161,.4615385,.5,34,13,1,243
-.9723096,.4615385,.5,34,13,0,243
-.9723096,.4615385,.5,34,13,0,243
-.3643161,.4615385,.5,34,13,0,243
-.5530037,.4615385,.5,34,13,0,243
.432365,.4615385,.5,34,13,1,243
-1.538373,.4615385,.5,34,13,0,243
.432365,.4615385,.5,34,13,0,243
-.4691426,.4615385,.5,34,13,1,243
-.9723096,.4545455,.4392523,107,22,1,244
-.3643161,.4545455,.4392523,107,22,0,244
-.5530037,.4545455,.4392523,107,22,1,244
.7258791,.4545455,.4392523,107,22,1,244
-.0288714,.4545455,.4392523,107,22,0,244
.075955,.4545455,.4392523,107,22,0,244
-.0288714,.4545455,.4392523,107,22,1,244
-.1546632,.4545455,.4392523,107,22,0,244
-.3643161,.4545455,.4392523,107,22,1,244
-.5530037,.4545455,.4392523,107,22,1,244
-.4691426,.4545455,.4392523,107,22,0,244
-.8674831,.4545455,.4392523,107,22,0,244
.075955,.4545455,.4392523,107,22,0,244
-.8674831,.4545455,.4392523,107,22,1,244
.5791221,.4545455,.4392523,107,22,0,244
.432365,.4545455,.4392523,107,22,0,244
-.6578302,.4545455,.4392523,107,22,0,244
-1.077136,.4545455,.4392523,107,22,0,244
2.445033,.4545455,.4392523,107,22,1,244
.075955,.4545455,.4392523,107,22,0,244
-1.181962,.5625,.4392523,107,16,0,245
-.9723096,.5625,.4392523,107,16,0,245
.075955,.5625,.4392523,107,16,1,245
.5791221,.5625,.4392523,107,16,0,245
-.5530037,.5625,.4392523,107,16,1,245
.1807815,.5625,.4392523,107,16,0,245
-.6578302,.5625,.4392523,107,16,0,245
1.899935,.5625,.4392523,107,16,1,245
-.1546632,.5625,.4392523,107,16,1,245
-.1546632,.5625,.4392523,107,16,0,245
.8936014,.5625,.4392523,107,16,0,245
-.7626567,.5625,.4392523,107,16,1,245
-.4691426,.5625,.4392523,107,16,1,245
.075955,.5625,.4392523,107,16,1,245
.075955,.5625,.4392523,107,16,1,245
2.445033,.5625,.4392523,107,16,1,245
.8936014,.3846154,.4392523,107,26,1,246
-.2594897,.3846154,.4392523,107,26,0,246
1.061324,.3846154,.4392523,107,26,0,246
1.291942,.3846154,.4392523,107,26,1,246
-.2594897,.3846154,.4392523,107,26,0,246
.075955,.3846154,.4392523,107,26,0,246
-.6578302,.3846154,.4392523,107,26,1,246
.1807815,.3846154,.4392523,107,26,1,246
.075955,.3846154,.4392523,107,26,1,246
-.4691426,.3846154,.4392523,107,26,1,246
.1807815,.3846154,.4392523,107,26,0,246
-.7626567,.3846154,.4392523,107,26,0,246
-.0288714,.3846154,.4392523,107,26,0,246
.8936014,.3846154,.4392523,107,26,1,246
-1.077136,.3846154,.4392523,107,26,0,246
-.8674831,.3846154,.4392523,107,26,0,246
-.5530037,.3846154,.4392523,107,26,0,246
.075955,.3846154,.4392523,107,26,0,246
.3065732,.3846154,.4392523,107,26,1,246
.7258791,.3846154,.4392523,107,26,1,246
.432365,.3846154,.4392523,107,26,0,246
.5791221,.3846154,.4392523,107,26,0,246
.5791221,.3846154,.4392523,107,26,0,246
1.543525,.6470588,.4392523,107,17,1,247
-.7626567,.6470588,.4392523,107,17,1,247
-1.68513,.6470588,.4392523,107,17,0,247
-1.307754,.6470588,.4392523,107,17,1,247
.3065732,.6470588,.4392523,107,17,1,247
.075955,.6470588,.4392523,107,17,1,247
-.6578302,.6470588,.4392523,107,17,0,247
-.8674831,.6470588,.4392523,107,17,0,247
-.0288714,.6470588,.4392523,107,17,1,247
-.7626567,.6470588,.4392523,107,17,1,247
-1.077136,.6470588,.4392523,107,17,1,247
-.3643161,.6470588,.4392523,107,17,0,247
.432365,.6470588,.4392523,107,17,0,247
-.4691426,.6470588,.4392523,107,17,0,247
1.291942,.6470588,.4392523,107,17,1,247
-.2594897,.6470588,.4392523,107,17,1,247
.1807815,.6470588,.4392523,107,17,1,247
-1.68513,.2692308,.4392523,107,26,0,248
-.8674831,.2692308,.4392523,107,26,0,248
-1.538373,.2692308,.4392523,107,26,0,248
.075955,.2692308,.4392523,107,26,1,248
-.8674831,.2692308,.4392523,107,26,0,248
-.9723096,.2692308,.4392523,107,26,0,248
-1.077136,.2692308,.4392523,107,26,0,248
.5791221,.2692308,.4392523,107,26,1,248
-1.307754,.2692308,.4392523,107,26,1,248
.432365,.2692308,.4392523,107,26,1,248
-.4691426,.2692308,.4392523,107,26,1,248
.3065732,.2692308,.4392523,107,26,0,248
-2.125401,.2692308,.4392523,107,26,0,248
-1.538373,.2692308,.4392523,107,26,0,248
-.9723096,.2692308,.4392523,107,26,0,248
-.9723096,.2692308,.4392523,107,26,0,248
-.8674831,.2692308,.4392523,107,26,0,248
-.1546632,.2692308,.4392523,107,26,0,248
-1.181962,.2692308,.4392523,107,26,0,248
-.1546632,.2692308,.4392523,107,26,1,248
-1.307754,.2692308,.4392523,107,26,0,248
-.0288714,.2692308,.4392523,107,26,0,248
-1.412581,.2692308,.4392523,107,26,0,248
.5791221,.2666667,.4935065,154,15,0,249
-1.181962,.2666667,.4935065,154,15,1,249
.432365,.2666667,.4935065,154,15,1,249
.7258791,.2666667,.4935065,154,15,0,249
-1.68513,.2666667,.4935065,154,15,0,249
.3065732,.2666667,.4935065,154,15,0,249
.432365,.2666667,.4935065,154,15,0,249
-1.810921,.2666667,.4935065,154,15,0,249
1.291942,.2666667,.4935065,154,15,1,249
-1.810921,.2666667,.4935065,154,15,0,249
-1.810921,.2666667,.4935065,154,15,0,249
-.2594897,.2666667,.4935065,154,15,0,249
-1.810921,.2666667,.4935065,154,15,0,249
-.3643161,.2666667,.4935065,154,15,0,249
-.2594897,.6,.4935065,154,15,0,250
-.5530037,.6,.4935065,154,15,1,250
-.1546632,.6,.4935065,154,15,0,250
-1.412581,.6,.4935065,154,15,1,250
-1.077136,.6,.4935065,154,15,0,250
-.1546632,.6,.4935065,154,15,1,250
-1.68513,.6,.4935065,154,15,1,250
.1807815,.6,.4935065,154,15,0,250
-.3643161,.6,.4935065,154,15,1,250
-2.314088,.6,.4935065,154,15,1,250
-1.68513,.6,.4935065,154,15,0,250
.7258791,.6,.4935065,154,15,1,250
2.445033,.6,.4935065,154,15,1,250
.075955,.6,.4935065,154,15,0,250
-.3643161,.3636364,.4935065,154,22,0,251
-.2594897,.3636364,.4935065,154,22,0,251
-2.314088,.3636364,.4935065,154,22,1,251
.7258791,.3636364,.4935065,154,22,1,251
-.7626567,.3636364,.4935065,154,22,0,251
-.8674831,.3636364,.4935065,154,22,1,251
-1.307754,.3636364,.4935065,154,22,0,251
-.7626567,.3636364,.4935065,154,22,1,251
-1.538373,.3636364,.4935065,154,22,1,251
-1.181962,.3636364,.4935065,154,22,0,251
-2.314088,.3636364,.4935065,154,22,1,251
-1.077136,.3636364,.4935065,154,22,0,251
-.0288714,.3636364,.4935065,154,22,0,251
-.4691426,.3636364,.4935065,154,22,0,251
-1.412581,.3636364,.4935065,154,22,1,251
-1.181962,.3636364,.4935065,154,22,0,251
-.5530037,.3636364,.4935065,154,22,0,251
-1.181962,.3636364,.4935065,154,22,0,251
-.7626567,.5833333,.4935065,154,24,1,252
-.2594897,.5833333,.4935065,154,24,1,252
-.0288714,.5833333,.4935065,154,24,0,252
-1.077136,.5833333,.4935065,154,24,0,252
.075955,.5833333,.4935065,154,24,1,252
-1.307754,.5833333,.4935065,154,24,0,252
.7258791,.5833333,.4935065,154,24,1,252
-.4691426,.5833333,.4935065,154,24,0,252
-.3643161,.5833333,.4935065,154,24,1,252
-.7626567,.5833333,.4935065,154,24,1,252
-.4691426,.5833333,.4935065,154,24,0,252
-.1546632,.5833333,.4935065,154,24,0,252
.1807815,.5833333,.4935065,154,24,1,252
-.0288714,.5833333,.4935065,154,24,1,252
-.9723096,.5833333,.4935065,154,24,1,252
.8936014,.5833333,.4935065,154,24,1,252
.5791221,.5833333,.4935065,154,24,1,252
-.3643161,.5833333,.4935065,154,24,0,252
-1.68513,.7333333,.4935065,154,15,1,253
-1.077136,.7333333,.4935065,154,15,1,253
.3065732,.7333333,.4935065,154,15,1,253
-.4691426,.7333333,.4935065,154,15,1,253
-1.077136,.7333333,.4935065,154,15,1,253
-.7626567,.7333333,.4935065,154,15,0,253
-1.538373,.7333333,.4935065,154,15,1,253
-1.957678,.7333333,.4935065,154,15,1,253
-1.077136,.7333333,.4935065,154,15,0,253
.1807815,.7333333,.4935065,154,15,1,253
-1.68513,.7333333,.4935065,154,15,1,253
-1.077136,.7333333,.4935065,154,15,0,253
.5791221,.7333333,.4935065,154,15,1,253
-1.538373,.4347826,.4935065,154,23,1,254
.3065732,.4347826,.4935065,154,23,0,254
-.2594897,.4347826,.4935065,154,23,0,254
-1.307754,.4347826,.4935065,154,23,0,254
-.8674831,.4347826,.4935065,154,23,0,254
-.3643161,.4347826,.4935065,154,23,0,254
-.1546632,.4347826,.4935065,154,23,0,254
1.061324,.4347826,.4935065,154,23,1,254
-1.077136,.4347826,.4935065,154,23,1,254
-1.957678,.4347826,.4935065,154,23,0,254
-1.077136,.4347826,.4935065,154,23,1,254
-.8674831,.4347826,.4935065,154,23,0,254
-.4691426,.4347826,.4935065,154,23,1,254
-.8674831,.4347826,.4935065,154,23,1,254
-.6578302,.4347826,.4935065,154,23,1,254
-.4691426,.4347826,.4935065,154,23,0,254
-.2594897,.4347826,.4935065,154,23,0,254
-.1546632,.4347826,.4935065,154,23,1,254
-1.077136,.4347826,.4935065,154,23,0,254
-.4691426,.4782609,.4935065,154,23,0,255
-.3643161,.4782609,.4935065,154,23,1,255
-.1546632,.4782609,.4935065,154,23,0,255
1.899935,.4782609,.4935065,154,23,1,255
-.5530037,.4782609,.4935065,154,23,0,255
-.1546632,.4782609,.4935065,154,23,0,255
-1.538373,.4782609,.4935065,154,23,0,255
-.2594897,.4782609,.4935065,154,23,1,255
-.9723096,.4782609,.4935065,154,23,1,255
-.3643161,.4782609,.4935065,154,23,0,255
-.2594897,.4782609,.4935065,154,23,1,255
2.9482,.4782609,.4935065,154,23,1,255
.432365,.4782609,.4935065,154,23,0,255
-1.412581,.4782609,.4935065,154,23,0,255
-.8674831,.4782609,.4935065,154,23,0,255
-1.68513,.4782609,.4935065,154,23,1,255
-.4691426,.4782609,.4935065,154,23,0,255
-.2594897,.4782609,.4935065,154,23,1,255
.5791221,.4782609,.4935065,154,23,1,255
.5791221,.4782609,.4935065,154,23,1,255
-.2594897,.5294118,.4935065,154,17,0,256
-.4691426,.5294118,.4935065,154,17,0,256
.7258791,.5294118,.4935065,154,17,1,256
2.445033,.5294118,.4935065,154,17,1,256
2.445033,.5294118,.4935065,154,17,1,256
-.7626567,.5294118,.4935065,154,17,1,256
.7258791,.5294118,.4935065,154,17,0,256
.432365,.5294118,.4935065,154,17,0,256
.7258791,.5294118,.4935065,154,17,1,256
-.7626567,.5294118,.4935065,154,17,0,256
-.2594897,.5294118,.4935065,154,17,1,256
.5791221,.5294118,.4935065,154,17,0,256
.075955,.5294118,.4935065,154,17,0,256
.8936014,.5294118,.4935065,154,17,0,256
-.6578302,.5294118,.4935065,154,17,1,256
2.445033,.6086956,.5238096,63,23,0,257
2.9482,.6086956,.5238096,63,23,1,257
1.543525,.6086956,.5238096,63,23,0,257
2.445033,.6086956,.5238096,63,23,1,257
1.899935,.6086956,.5238096,63,23,1,257
1.543525,.6086956,.5238096,63,23,0,257
-.7626567,.6086956,.5238096,63,23,0,257
1.899935,.6086956,.5238096,63,23,1,257
2.9482,.6086956,.5238096,63,23,1,257
1.543525,.6086956,.5238096,63,23,0,257
2.9482,.6086956,.5238096,63,23,1,257
1.543525,.6086956,.5238096,63,23,0,257
1.291942,.6086956,.5238096,63,23,1,257
2.9482,.6086956,.5238096,63,23,1,257
1.543525,.6086956,.5238096,63,23,1,257
2.445033,.6086956,.5238096,63,23,1,257
2.445033,.6086956,.5238096,63,23,1,257
2.445033,.6086956,.5238096,63,23,1,257
1.543525,.6086956,.5238096,63,23,0,257
2.9482,.6086956,.5238096,63,23,1,257
2.445033,.6086956,.5238096,63,23,1,257
.8936014,.6086956,.5238096,63,23,0,257
.3065732,.5217391,.5238096,63,23,1,258
1.061324,.5217391,.5238096,63,23,1,258
.432365,.5217391,.5238096,63,23,0,258
2.445033,.5217391,.5238096,63,23,0,258
1.061324,.5217391,.5238096,63,23,1,258
.1807815,.5217391,.5238096,63,23,0,258
.8936014,.5217391,.5238096,63,23,0,258
.3065732,.5217391,.5238096,63,23,1,258
-.0288714,.5217391,.5238096,63,23,1,258
2.445033,.5217391,.5238096,63,23,0,258
1.543525,.5217391,.5238096,63,23,1,258
1.543525,.5217391,.5238096,63,23,1,258
.7258791,.5217391,.5238096,63,23,1,258
1.543525,.5217391,.5238096,63,23,0,258
.1807815,.5217391,.5238096,63,23,1,258
1.543525,.5217391,.5238096,63,23,0,258
1.061324,.5217391,.5238096,63,23,1,258
1.291942,.5217391,.5238096,63,23,1,258
.075955,.5217391,.5238096,63,23,1,258
-.2594897,.5217391,.5238096,63,23,0,258
.8936014,.5217391,.5238096,63,23,0,258
1.543525,.5217391,.5238096,63,23,0,258
1.543525,.4117647,.5238096,63,17,0,259
.5791221,.4117647,.5238096,63,17,0,259
1.543525,.4117647,.5238096,63,17,1,259
2.9482,.4117647,.5238096,63,17,1,259
1.061324,.4117647,.5238096,63,17,1,259
.8936014,.4117647,.5238096,63,17,0,259
1.291942,.4117647,.5238096,63,17,0,259
.5791221,.4117647,.5238096,63,17,0,259
-.4691426,.4117647,.5238096,63,17,1,259
1.061324,.4117647,.5238096,63,17,0,259
1.061324,.4117647,.5238096,63,17,1,259
1.061324,.4117647,.5238096,63,17,1,259
.1807815,.4117647,.5238096,63,17,1,259
.7258791,.4117647,.5238096,63,17,0,259
.7258791,.4117647,.5238096,63,17,0,259
-1.307754,.4615385,.5423729,59,13,1,260
-.2594897,.4615385,.5423729,59,13,0,260
-.1546632,.4615385,.5423729,59,13,1,260
-.7626567,.4615385,.5423729,59,13,1,260
.3065732,.4615385,.5423729,59,13,0,260
-1.077136,.4615385,.5423729,59,13,1,260
-.1546632,.4615385,.5423729,59,13,1,260
-1.181962,.4615385,.5423729,59,13,0,260
-.3643161,.4615385,.5423729,59,13,0,260
.075955,.4615385,.5423729,59,13,0,260
.432365,.4615385,.5423729,59,13,0,260
-.5530037,.4615385,.5423729,59,13,0,260
-.1546632,.4615385,.5423729,59,13,1,260
-1.307754,.4736842,.5423729,59,19,0,261
-.8674831,.4736842,.5423729,59,19,1,261
-1.077136,.4736842,.5423729,59,19,1,261
-.7626567,.4736842,.5423729,59,19,0,261
-1.412581,.4736842,.5423729,59,19,0,261
.3065732,.4736842,.5423729,59,19,1,261
.432365,.4736842,.5423729,59,19,0,261
.075955,.4736842,.5423729,59,19,1,261
.075955,.4736842,.5423729,59,19,1,261
-.7626567,.4736842,.5423729,59,19,0,261
.432365,.4736842,.5423729,59,19,0,261
-.8674831,.4736842,.5423729,59,19,1,261
-.3643161,.4736842,.5423729,59,19,0,261
-.6578302,.4736842,.5423729,59,19,0,261
-.5530037,.4736842,.5423729,59,19,0,261
-.8674831,.4736842,.5423729,59,19,1,261
.5791221,.4736842,.5423729,59,19,1,261
.075955,.5833333,.5423729,59,12,1,262
-.6578302,.5833333,.5423729,59,12,1,262
-1.307754,.5833333,.5423729,59,12,0,262
-.2594897,.5833333,.5423729,59,12,0,262
-.9723096,.5833333,.5423729,59,12,1,262
-.6578302,.5833333,.5423729,59,12,1,262
-.7626567,.5833333,.5423729,59,12,1,262
.075955,.5833333,.5423729,59,12,1,262
-.4691426,.5833333,.5423729,59,12,0,262
-.1546632,.5833333,.5423729,59,12,1,262
-2.125401,.6666667,.5423729,59,15,0,263
-.4691426,.6666667,.5423729,59,15,1,263
-.1546632,.6666667,.5423729,59,15,1,263
-.1546632,.6666667,.5423729,59,15,1,263
-.2594897,.6666667,.5423729,59,15,0,263
.7258791,.6666667,.5423729,59,15,1,263
-.4691426,.6666667,.5423729,59,15,1,263
-1.810921,.6666667,.5423729,59,15,1,263
-.6578302,.6666667,.5423729,59,15,0,263
-.8674831,.6666667,.5423729,59,15,0,263
-.1546632,.6666667,.5423729,59,15,1,263
.075955,.6666667,.5423729,59,15,1,263
.075955,.6666667,.5423729,59,15,1,263
-.3643161,.6666667,.5423729,59,15,1,263
-.1546632,.6666667,.5423729,59,15,0,263
-.0288714,.5555556,.641791,67,18,1,264
-.4691426,.5555556,.641791,67,18,0,264
.5791221,.5555556,.641791,67,18,1,264
-1.412581,.5555556,.641791,67,18,0,264
-1.307754,.5555556,.641791,67,18,1,264
-.3643161,.5555556,.641791,67,18,1,264
.5791221,.5555556,.641791,67,18,0,264
.3065732,.5555556,.641791,67,18,0,264
-.1546632,.5555556,.641791,67,18,1,264
-1.181962,.5555556,.641791,67,18,1,264
-.2594897,.5555556,.641791,67,18,0,264
-.8674831,.5555556,.641791,67,18,0,264
.075955,.5555556,.641791,67,18,1,264
-1.077136,.5555556,.641791,67,18,1,264
-.6578302,.5555556,.641791,67,18,1,264
-.0288714,.5555556,.641791,67,18,0,264
-.7626567,.5555556,.641791,67,18,0,264
.075955,.7857143,.641791,67,14,1,265
.432365,.7857143,.641791,67,14,1,265
-.8674831,.7857143,.641791,67,14,0,265
-1.077136,.7857143,.641791,67,14,1,265
-.4691426,.7857143,.641791,67,14,1,265
.3065732,.7857143,.641791,67,14,0,265
-.3643161,.7857143,.641791,67,14,0,265
-.2594897,.7857143,.641791,67,14,1,265
-.3643161,.7857143,.641791,67,14,1,265
.1807815,.7857143,.641791,67,14,1,265
-.1546632,.7857143,.641791,67,14,1,265
.7258791,.7857143,.641791,67,14,1,265
1.061324,.7857143,.641791,67,14,1,265
1.061324,.7857143,.641791,67,14,1,265
-.6578302,.6428571,.641791,67,14,1,266
-.2594897,.6428571,.641791,67,14,0,266
-.4691426,.6428571,.641791,67,14,1,266
.7258791,.6428571,.641791,67,14,0,266
1.291942,.6428571,.641791,67,14,1,266
-.6578302,.6428571,.641791,67,14,0,266
1.291942,.6428571,.641791,67,14,1,266
-.8674831,.6428571,.641791,67,14,1,266
-1.412581,.6428571,.641791,67,14,1,266
1.543525,.6428571,.641791,67,14,1,266
1.061324,.6428571,.641791,67,14,1,266
.3065732,.6428571,.641791,67,14,0,266
-1.181962,.6428571,.641791,67,14,0,266
-.3643161,.6190476,.641791,67,21,1,267
-.2594897,.6190476,.641791,67,21,0,267
-1.538373,.6190476,.641791,67,21,1,267
.075955,.6190476,.641791,67,21,1,267
-1.307754,.6190476,.641791,67,21,0,267
-1.538373,.6190476,.641791,67,21,1,267
.3065732,.6190476,.641791,67,21,1,267
-.5530037,.6190476,.641791,67,21,1,267
-.3643161,.6190476,.641791,67,21,1,267
-.3643161,.6190476,.641791,67,21,1,267
-.2594897,.6190476,.641791,67,21,1,267
.8936014,.6190476,.641791,67,21,0,267
-.2594897,.6190476,.641791,67,21,1,267
.075955,.6190476,.641791,67,21,0,267
-.6578302,.6190476,.641791,67,21,1,267
-.5530037,.6190476,.641791,67,21,0,267
-.8674831,.6190476,.641791,67,21,0,267
-.8674831,.6190476,.641791,67,21,0,267
-.4691426,.6190476,.641791,67,21,1,267
-1.810921,.5,.4810127,79,24,0,268
1.291942,.5,.4810127,79,24,0,268
-.6578302,.5,.4810127,79,24,0,268
-.8674831,.5,.4810127,79,24,0,268
.3065732,.5,.4810127,79,24,1,268
.5791221,.5,.4810127,79,24,1,268
.1807815,.5,.4810127,79,24,1,268
-.8674831,.5,.4810127,79,24,0,268
1.291942,.5,.4810127,79,24,1,268
-.2594897,.5,.4810127,79,24,1,268
-1.412581,.5,.4810127,79,24,0,268
-.8674831,.5,.4810127,79,24,0,268
-.5530037,.5,.4810127,79,24,1,268
.432365,.5,.4810127,79,24,1,268
.5791221,.5,.4810127,79,24,0,268
1.899935,.5,.4810127,79,24,1,268
-.9723096,.5,.4810127,79,24,1,268
.7258791,.5,.4810127,79,24,1,268
-1.957678,.5,.4810127,79,24,0,268
1.061324,.5,.4810127,79,24,0,268
-.5530037,.5,.4810127,79,24,1,268
-.0288714,.4666667,.4810127,79,15,0,269
.1807815,.4666667,.4810127,79,15,0,269
-.4691426,.4666667,.4810127,79,15,1,269
-.1546632,.4666667,.4810127,79,15,1,269
-.9723096,.4666667,.4810127,79,15,1,269
.3065732,.4666667,.4810127,79,15,1,269
-1.412581,.4666667,.4810127,79,15,1,269
-.2594897,.4666667,.4810127,79,15,0,269
-.9723096,.4666667,.4810127,79,15,0,269
1.291942,.4666667,.4810127,79,15,0,269
.3065732,.4666667,.4810127,79,15,0,269
-1.412581,.4666667,.4810127,79,15,0,269
-.7626567,.4666667,.4810127,79,15,0,269
-1.307754,.4666667,.4810127,79,15,1,269
.432365,.4666667,.4810127,79,15,1,269
.3065732,.4583333,.4810127,79,24,1,270
1.543525,.4583333,.4810127,79,24,0,270
1.543525,.4583333,.4810127,79,24,1,270
-1.077136,.4583333,.4810127,79,24,0,270
-.8674831,.4583333,.4810127,79,24,1,270
.432365,.4583333,.4810127,79,24,1,270
.8936014,.4583333,.4810127,79,24,0,270
-.2594897,.4583333,.4810127,79,24,0,270
.075955,.4583333,.4810127,79,24,1,270
.8936014,.4583333,.4810127,79,24,1,270
.432365,.4583333,.4810127,79,24,1,270
1.899935,.4583333,.4810127,79,24,1,270
-.1546632,.4583333,.4810127,79,24,1,270
.7258791,.4583333,.4810127,79,24,1,270
.1807815,.4583333,.4810127,79,24,1,270
.432365,.4583333,.4810127,79,24,0,270
1.291942,.4583333,.4810127,79,24,0,270
2.9482,.4583333,.4810127,79,24,0,270
.5791221,.4583333,.4810127,79,24,0,270
.7258791,.4583333,.4810127,79,24,0,270
.7258791,.4583333,.4810127,79,24,0,270
-.7626567,.5,.4810127,79,16,1,271
-.0288714,.5,.4810127,79,16,1,271
.7258791,.5,.4810127,79,16,0,271
.3065732,.5,.4810127,79,16,1,271
2.9482,.5,.4810127,79,16,1,271
-.5530037,.5,.4810127,79,16,0,271
-.1546632,.5,.4810127,79,16,1,271
-.1546632,.5,.4810127,79,16,1,271
1.543525,.5,.4810127,79,16,0,271
.1807815,.5,.4810127,79,16,1,271
.075955,.5,.4810127,79,16,1,271
-.9723096,.5,.4810127,79,16,0,271
.1807815,.5,.4810127,79,16,0,271
-.2594897,.5,.4810127,79,16,0,271
.075955,.5,.4810127,79,16,0,271
-.7626567,.4285714,.5769231,156,14,0,272
.8936014,.4285714,.5769231,156,14,0,272
-.8674831,.4285714,.5769231,156,14,0,272
-.1546632,.4285714,.5769231,156,14,0,272
-.3643161,.4285714,.5769231,156,14,0,272
.5791221,.4285714,.5769231,156,14,0,272
.3065732,.4285714,.5769231,156,14,1,272
.3065732,.4285714,.5769231,156,14,0,272
.7258791,.4285714,.5769231,156,14,1,272
-.2594897,.4285714,.5769231,156,14,1,272
.432365,.4285714,.5769231,156,14,1,272
.7258791,.56,.5769231,156,25,0,273
.432365,.56,.5769231,156,25,1,273
1.061324,.56,.5769231,156,25,0,273
.3065732,.56,.5769231,156,25,0,273
.075955,.56,.5769231,156,25,1,273
-1.412581,.56,.5769231,156,25,0,273
.432365,.56,.5769231,156,25,1,273
1.061324,.56,.5769231,156,25,0,273
1.061324,.56,.5769231,156,25,1,273
.1807815,.56,.5769231,156,25,0,273
-1.538373,.56,.5769231,156,25,1,273
-.0288714,.56,.5769231,156,25,1,273
-.5530037,.56,.5769231,156,25,0,273
1.061324,.56,.5769231,156,25,0,273
.432365,.56,.5769231,156,25,0,273
-.2594897,.56,.5769231,156,25,0,273
1.899935,.56,.5769231,156,25,1,273
.075955,.56,.5769231,156,25,1,273
.1807815,.56,.5769231,156,25,1,273
.7258791,.56,.5769231,156,25,1,273
-.2594897,.56,.5769231,156,25,1,273
-.5530037,.5384616,.5769231,156,26,1,274
1.061324,.5384616,.5769231,156,26,1,274
.7258791,.5384616,.5769231,156,26,0,274
-.9723096,.5384616,.5769231,156,26,1,274
-.1546632,.5384616,.5769231,156,26,0,274
-.1546632,.5384616,.5769231,156,26,1,274
-.8674831,.5384616,.5769231,156,26,0,274
-1.181962,.5384616,.5769231,156,26,0,274
-1.077136,.5384616,.5769231,156,26,0,274
-.9723096,.5384616,.5769231,156,26,1,274
-.7626567,.5384616,.5769231,156,26,0,274
-.3643161,.5384616,.5769231,156,26,0,274
.1807815,.5384616,.5769231,156,26,0,274
.3065732,.5384616,.5769231,156,26,1,274
-1.307754,.5384616,.5769231,156,26,1,274
-.4691426,.5384616,.5769231,156,26,1,274
-.1546632,.5384616,.5769231,156,26,0,274
.7258791,.5384616,.5769231,156,26,1,274
.5791221,.5384616,.5769231,156,26,0,274
-.4691426,.5384616,.5769231,156,26,0,274
-1.412581,.5384616,.5769231,156,26,1,274
-2.523741,.5384616,.5769231,156,26,1,274
-1.181962,.5384616,.5769231,156,26,0,274
-.0288714,.5384616,.5769231,156,26,1,274
.8936014,.5185185,.5769231,156,27,1,275
1.061324,.5185185,.5769231,156,27,0,275
1.061324,.5185185,.5769231,156,27,1,275
1.291942,.5185185,.5769231,156,27,1,275
-.8674831,.5185185,.5769231,156,27,0,275
.432365,.5185185,.5769231,156,27,1,275
1.543525,.5185185,.5769231,156,27,1,275
.1807815,.5185185,.5769231,156,27,0,275
.075955,.5185185,.5769231,156,27,1,275
.8936014,.5185185,.5769231,156,27,0,275
.8936014,.5185185,.5769231,156,27,1,275
1.061324,.5185185,.5769231,156,27,1,275
1.291942,.5185185,.5769231,156,27,0,275
-.3643161,.5185185,.5769231,156,27,0,275
.7258791,.5185185,.5769231,156,27,0,275
1.543525,.5185185,.5769231,156,27,1,275
.8936014,.5185185,.5769231,156,27,0,275
.3065732,.5185185,.5769231,156,27,0,275
.075955,.5185185,.5769231,156,27,1,275
.7258791,.5185185,.5769231,156,27,0,275
.7258791,.5185185,.5769231,156,27,0,275
1.061324,.5185185,.5769231,156,27,1,275
-.3643161,.5185185,.5769231,156,27,1,275
-2.125401,.5185185,.5769231,156,27,0,275
.432365,.56,.5769231,156,25,0,276
2.445033,.56,.5769231,156,25,0,276
2.445033,.56,.5769231,156,25,1,276
1.291942,.56,.5769231,156,25,0,276
.5791221,.56,.5769231,156,25,0,276
-.4691426,.56,.5769231,156,25,1,276
-.9723096,.56,.5769231,156,25,1,276
1.543525,.56,.5769231,156,25,0,276
2.445033,.56,.5769231,156,25,1,276
1.899935,.56,.5769231,156,25,1,276
1.899935,.56,.5769231,156,25,1,276
.7258791,.56,.5769231,156,25,1,276
.432365,.56,.5769231,156,25,1,276
.8936014,.56,.5769231,156,25,0,276
-.2594897,.56,.5769231,156,25,0,276
.5791221,.56,.5769231,156,25,1,276
-.5530037,.56,.5769231,156,25,1,276
2.445033,.56,.5769231,156,25,1,276
1.543525,.56,.5769231,156,25,0,276
1.061324,.56,.5769231,156,25,1,276
-.9723096,.56,.5769231,156,25,1,276
.3065732,.56,.5769231,156,25,0,276
.432365,.76,.5769231,156,25,1,277
.075955,.76,.5769231,156,25,1,277
-.4691426,.76,.5769231,156,25,0,277
.1807815,.76,.5769231,156,25,0,277
1.543525,.76,.5769231,156,25,1,277
1.291942,.76,.5769231,156,25,1,277
1.899935,.76,.5769231,156,25,0,277
1.899935,.76,.5769231,156,25,1,277
.7258791,.76,.5769231,156,25,1,277
.3065732,.76,.5769231,156,25,1,277
1.061324,.76,.5769231,156,25,0,277
.1807815,.76,.5769231,156,25,1,277
1.291942,.76,.5769231,156,25,1,277
.3065732,.76,.5769231,156,25,0,277
-1.077136,.76,.5769231,156,25,1,277
1.291942,.76,.5769231,156,25,1,277
1.899935,.76,.5769231,156,25,0,277
-2.523741,.76,.5769231,156,25,1,277
1.899935,.76,.5769231,156,25,1,277
2.445033,.76,.5769231,156,25,1,277
-.2594897,.76,.5769231,156,25,1,277
-.6578302,.6428571,.5769231,156,14,1,278
1.291942,.6428571,.5769231,156,14,0,278
-.0288714,.6428571,.5769231,156,14,1,278
.7258791,.6428571,.5769231,156,14,1,278
.3065732,.6428571,.5769231,156,14,0,278
1.061324,.6428571,.5769231,156,14,1,278
.7258791,.6428571,.5769231,156,14,0,278
-.3643161,.6428571,.5769231,156,14,0,278
.1807815,.6428571,.5769231,156,14,1,278
1.061324,.6428571,.5769231,156,14,1,278
-.4691426,.6428571,.5769231,156,14,1,278
-.5530037,.6428571,.5769231,156,14,0,278
1.543525,.6428571,.5769231,156,14,1,278
-.6578302,.4166667,.4827586,87,24,1,279
-.6578302,.4166667,.4827586,87,24,1,279
.5791221,.4166667,.4827586,87,24,0,279
-.5530037,.4166667,.4827586,87,24,1,279
-.6578302,.4166667,.4827586,87,24,0,279
-.9723096,.4166667,.4827586,87,24,1,279
-1.307754,.4166667,.4827586,87,24,0,279
-.2594897,.4166667,.4827586,87,24,0,279
.7258791,.4166667,.4827586,87,24,0,279
-.8674831,.4166667,.4827586,87,24,0,279
-.9723096,.4166667,.4827586,87,24,0,279
.1807815,.4166667,.4827586,87,24,0,279
.7258791,.4166667,.4827586,87,24,1,279
-.8674831,.4166667,.4827586,87,24,1,279
-.3643161,.4166667,.4827586,87,24,1,279
.3065732,.4166667,.4827586,87,24,0,279
-.0288714,.4166667,.4827586,87,24,0,279
-.7626567,.4166667,.4827586,87,24,1,279
-.6578302,.4166667,.4827586,87,24,0,279
-.1546632,.4166667,.4827586,87,24,0,279
-1.68513,.4166667,.4827586,87,24,0,279
-.9723096,.5,.4827586,87,16,1,280
.7258791,.5,.4827586,87,16,1,280
-.6578302,.5,.4827586,87,16,0,280
-1.077136,.5,.4827586,87,16,1,280
-1.307754,.5,.4827586,87,16,0,280
-.7626567,.5,.4827586,87,16,1,280
.3065732,.5,.4827586,87,16,0,280
-.6578302,.5,.4827586,87,16,1,280
-.1546632,.5,.4827586,87,16,0,280
-.3643161,.5,.4827586,87,16,1,280
-.9723096,.5,.4827586,87,16,0,280
-.8674831,.5,.4827586,87,16,0,280
-1.810921,.5,.4827586,87,16,0,280
-.3643161,.5909091,.4827586,87,22,0,281
-.1546632,.5909091,.4827586,87,22,1,281
1.061324,.5909091,.4827586,87,22,0,281
-.2594897,.5909091,.4827586,87,22,1,281
-1.181962,.5909091,.4827586,87,22,0,281
-.6578302,.5909091,.4827586,87,22,0,281
-1.957678,.5909091,.4827586,87,22,1,281
-.1546632,.5909091,.4827586,87,22,0,281
.7258791,.5909091,.4827586,87,22,0,281
-1.538373,.5909091,.4827586,87,22,1,281
-.0288714,.5909091,.4827586,87,22,1,281
-1.307754,.5909091,.4827586,87,22,1,281
1.061324,.5909091,.4827586,87,22,1,281
-.6578302,.5909091,.4827586,87,22,0,281
-.3643161,.5909091,.4827586,87,22,1,281
-.6578302,.5909091,.4827586,87,22,1,281
-.2594897,.5909091,.4827586,87,22,1,281
-.6578302,.5909091,.4827586,87,22,1,281
.8936014,.5909091,.4827586,87,22,0,281
-1.957678,.5909091,.4827586,87,22,0,281
-.6578302,.5909091,.4827586,87,22,1,281
.432365,.5909091,.4827586,87,22,1,281
-.5530037,.44,.4827586,87,25,1,282
.075955,.44,.4827586,87,25,1,282
-1.077136,.44,.4827586,87,25,1,282
-.7626567,.44,.4827586,87,25,0,282
-.7626567,.44,.4827586,87,25,1,282
-.7626567,.44,.4827586,87,25,0,282
-.9723096,.44,.4827586,87,25,0,282
-.0288714,.44,.4827586,87,25,1,282
-.0288714,.44,.4827586,87,25,0,282
.3065732,.44,.4827586,87,25,0,282
.7258791,.44,.4827586,87,25,1,282
-.2594897,.44,.4827586,87,25,0,282
-1.181962,.44,.4827586,87,25,0,282
-1.077136,.44,.4827586,87,25,0,282
-.1546632,.44,.4827586,87,25,0,282
-1.077136,.44,.4827586,87,25,0,282
-1.412581,.44,.4827586,87,25,0,282
.3065732,.44,.4827586,87,25,1,282
-1.077136,.44,.4827586,87,25,0,282
-.2594897,.44,.4827586,87,25,0,282
.075955,.44,.4827586,87,25,0,282
-.6578302,.44,.4827586,87,25,1,282
-.5530037,.44,.4827586,87,25,1,282
-.3643161,.4117647,.5151515,66,17,1,283
-1.077136,.4117647,.5151515,66,17,0,283
1.291942,.4117647,.5151515,66,17,0,283
.432365,.4117647,.5151515,66,17,0,283
-1.538373,.4117647,.5151515,66,17,0,283
-.9723096,.4117647,.5151515,66,17,0,283
.432365,.4117647,.5151515,66,17,0,283
-.3643161,.4117647,.5151515,66,17,0,283
-.0288714,.4117647,.5151515,66,17,0,283
.432365,.4117647,.5151515,66,17,1,283
1.291942,.4117647,.5151515,66,17,0,283
.7258791,.4117647,.5151515,66,17,1,283
.8936014,.4117647,.5151515,66,17,1,283
-.2594897,.4117647,.5151515,66,17,1,283
1.899935,.4117647,.5151515,66,17,0,283
-.6578302,.4117647,.5151515,66,17,1,283
-1.181962,.4117647,.5151515,66,17,1,283
-.4691426,.5909091,.5151515,66,22,0,284
-.7626567,.5909091,.5151515,66,22,0,284
-.3643161,.5909091,.5151515,66,22,0,284
.3065732,.5909091,.5151515,66,22,1,284
.075955,.5909091,.5151515,66,22,1,284
-1.68513,.5909091,.5151515,66,22,0,284
-1.307754,.5909091,.5151515,66,22,0,284
1.061324,.5909091,.5151515,66,22,1,284
-.1546632,.5909091,.5151515,66,22,0,284
-.8674831,.5909091,.5151515,66,22,1,284
.1807815,.5909091,.5151515,66,22,1,284
-1.412581,.5909091,.5151515,66,22,1,284
-.4691426,.5909091,.5151515,66,22,1,284
-.5530037,.5909091,.5151515,66,22,0,284
-.9723096,.5909091,.5151515,66,22,0,284
.8936014,.5909091,.5151515,66,22,0,284
-.6578302,.5909091,.5151515,66,22,1,284
-.8674831,.5909091,.5151515,66,22,1,284
-.6578302,.5909091,.5151515,66,22,1,284
-1.307754,.5909091,.5151515,66,22,1,284
-1.077136,.5185185,.5151515,66,27,1,285
-.2594897,.5185185,.5151515,66,27,1,285
-.1546632,.5185185,.5151515,66,27,0,285
1.543525,.5185185,.5151515,66,27,1,285
-.2594897,.5185185,.5151515,66,27,1,285
.1807815,.5185185,.5151515,66,27,1,285
-.5530037,.5185185,.5151515,66,27,1,285
.432365,.5185185,.5151515,66,27,0,285
-.7626567,.5185185,.5151515,66,27,0,285
.075955,.5185185,.5151515,66,27,0,285
-.3643161,.5185185,.5151515,66,27,0,285
-.7626567,.5185185,.5151515,66,27,1,285
.8936014,.5185185,.5151515,66,27,0,285
.1807815,.5185185,.5151515,66,27,1,285
-.0288714,.5185185,.5151515,66,27,0,285
-.1546632,.5185185,.5151515,66,27,0,285
.1807815,.5185185,.5151515,66,27,1,285
-.6578302,.5185185,.5151515,66,27,0,285
-.0288714,.5185185,.5151515,66,27,1,285
1.061324,.5185185,.5151515,66,27,0,285
.432365,.5185185,.5151515,66,27,1,285
.1807815,.5238096,.5306122,98,21,0,286
1.061324,.5238096,.5306122,98,21,1,286
.5791221,.5238096,.5306122,98,21,1,286
.1807815,.5238096,.5306122,98,21,1,286
.5791221,.5238096,.5306122,98,21,1,286
.7258791,.5238096,.5306122,98,21,0,286
.432365,.5238096,.5306122,98,21,0,286
.5791221,.5238096,.5306122,98,21,1,286
1.061324,.5238096,.5306122,98,21,1,286
.432365,.5238096,.5306122,98,21,1,286
.432365,.5238096,.5306122,98,21,1,286
.8936014,.5238096,.5306122,98,21,1,286
.075955,.5238096,.5306122,98,21,0,286
1.543525,.5238096,.5306122,98,21,0,286
2.445033,.5238096,.5306122,98,21,0,286
-.3643161,.5238096,.5306122,98,21,1,286
.8936014,.5238096,.5306122,98,21,1,286
.7258791,.5238096,.5306122,98,21,0,286
.3065732,.5238096,.5306122,98,21,0,286
-.7626567,.4782609,.5306122,98,23,0,287
-.4691426,.4782609,.5306122,98,23,0,287
-.7626567,.4782609,.5306122,98,23,1,287
-.5530037,.4782609,.5306122,98,23,1,287
.432365,.4782609,.5306122,98,23,0,287
-.2594897,.4782609,.5306122,98,23,1,287
-.7626567,.4782609,.5306122,98,23,1,287
-.0288714,.4782609,.5306122,98,23,1,287
.075955,.4782609,.5306122,98,23,0,287
-.1546632,.4782609,.5306122,98,23,1,287
.3065732,.4782609,.5306122,98,23,1,287
.8936014,.4782609,.5306122,98,23,0,287
-.0288714,.4782609,.5306122,98,23,1,287
.3065732,.4782609,.5306122,98,23,1,287
.7258791,.4782609,.5306122,98,23,1,287
.432365,.4782609,.5306122,98,23,0,287
1.291942,.4782609,.5306122,98,23,0,287
1.061324,.4782609,.5306122,98,23,0,287
.5791221,.4782609,.5306122,98,23,1,287
.8936014,.4782609,.5306122,98,23,0,287
1.899935,.4782609,.5306122,98,23,0,287
.5791221,.4782609,.5306122,98,23,0,287
-.4691426,.6956522,.5306122,98,23,1,288
2.445033,.6956522,.5306122,98,23,1,288
1.291942,.6956522,.5306122,98,23,1,288
2.445033,.6956522,.5306122,98,23,1,288
2.9482,.6956522,.5306122,98,23,1,288
1.899935,.6956522,.5306122,98,23,1,288
2.445033,.6956522,.5306122,98,23,1,288
.8936014,.6956522,.5306122,98,23,1,288
2.9482,.6956522,.5306122,98,23,1,288
.7258791,.6956522,.5306122,98,23,1,288
1.899935,.6956522,.5306122,98,23,0,288
2.9482,.6956522,.5306122,98,23,1,288
1.543525,.6956522,.5306122,98,23,1,288
-.1546632,.6956522,.5306122,98,23,1,288
.8936014,.6956522,.5306122,98,23,0,288
2.9482,.6956522,.5306122,98,23,0,288
1.291942,.6956522,.5306122,98,23,0,288
2.445033,.6956522,.5306122,98,23,1,288
2.445033,.6956522,.5306122,98,23,1,288
.1807815,.5625,.5306122,98,16,1,289
1.543525,.5625,.5306122,98,16,1,289
-.6578302,.5625,.5306122,98,16,1,289
-.5530037,.5625,.5306122,98,16,1,289
1.543525,.5625,.5306122,98,16,0,289
.075955,.5625,.5306122,98,16,0,289
1.899935,.5625,.5306122,98,16,0,289
1.899935,.5625,.5306122,98,16,0,289
.075955,.5625,.5306122,98,16,1,289
.8936014,.5625,.5306122,98,16,1,289
1.543525,.5625,.5306122,98,16,1,289
2.9482,.5625,.5306122,98,16,0,289
1.899935,.5625,.5306122,98,16,0,289
2.445033,.3333333,.5306122,98,15,0,290
.3065732,.3333333,.5306122,98,15,0,290
-.4691426,.3333333,.5306122,98,15,1,290
-.3643161,.3333333,.5306122,98,15,0,290
1.291942,.3333333,.5306122,98,15,0,290
-.6578302,.3333333,.5306122,98,15,1,290
-.3643161,.3333333,.5306122,98,15,1,290
.075955,.3333333,.5306122,98,15,0,290
-1.077136,.3333333,.5306122,98,15,0,290
1.899935,.3333333,.5306122,98,15,1,290
-1.077136,.3333333,.5306122,98,15,0,290
.8936014,.3333333,.5306122,98,15,0,290
-.1546632,.3333333,.5306122,98,15,1,290
1.291942,.3333333,.5306122,98,15,0,290
1.291942,.4285714,.4459459,74,14,1,291
.8936014,.4285714,.4459459,74,14,1,291
1.543525,.4285714,.4459459,74,14,1,291
.5791221,.4285714,.4459459,74,14,1,291
1.899935,.4285714,.4459459,74,14,0,291
.3065732,.4285714,.4459459,74,14,0,291
1.899935,.4285714,.4459459,74,14,1,291
.5791221,.4285714,.4459459,74,14,0,291
1.291942,.4285714,.4459459,74,14,0,291
1.291942,.4285714,.4459459,74,14,0,291
1.543525,.4285714,.4459459,74,14,1,291
.8936014,.4285714,.4459459,74,14,0,291
2.9482,.4285714,.4459459,74,14,0,291
-.2594897,.55,.4459459,74,20,0,292
-1.412581,.55,.4459459,74,20,0,292
-.3643161,.55,.4459459,74,20,1,292
-.8674831,.55,.4459459,74,20,1,292
-.1546632,.55,.4459459,74,20,0,292
-.7626567,.55,.4459459,74,20,1,292
-.7626567,.55,.4459459,74,20,1,292
.7258791,.55,.4459459,74,20,1,292
-.7626567,.55,.4459459,74,20,1,292
.075955,.55,.4459459,74,20,0,292
-.7626567,.55,.4459459,74,20,0,292
-.0288714,.55,.4459459,74,20,1,292
-.5530037,.55,.4459459,74,20,0,292
-1.077136,.55,.4459459,74,20,0,292
-.7626567,.55,.4459459,74,20,0,292
-.7626567,.55,.4459459,74,20,1,292
1.061324,.55,.4459459,74,20,1,292
-.2594897,.55,.4459459,74,20,0,292
-.9723096,.55,.4459459,74,20,1,292
.5791221,.4,.4459459,74,20,0,293
-.0288714,.4,.4459459,74,20,0,293
-.4691426,.4,.4459459,74,20,0,293
.3065732,.4,.4459459,74,20,0,293
-.1546632,.4,.4459459,74,20,1,293
-.0288714,.4,.4459459,74,20,0,293
-.0288714,.4,.4459459,74,20,1,293
.5791221,.4,.4459459,74,20,1,293
.432365,.4,.4459459,74,20,1,293
1.061324,.4,.4459459,74,20,0,293
-.6578302,.4,.4459459,74,20,1,293
-1.412581,.4,.4459459,74,20,1,293
-.1546632,.4,.4459459,74,20,1,293
.1807815,.4,.4459459,74,20,0,293
.5791221,.4,.4459459,74,20,0,293
-.3643161,.4,.4459459,74,20,1,294
-.6578302,.4,.4459459,74,20,0,294
1.061324,.4,.4459459,74,20,0,294
.5791221,.4,.4459459,74,20,0,294
-.8674831,.4,.4459459,74,20,1,294
.075955,.4,.4459459,74,20,0,294
-.3643161,.4,.4459459,74,20,1,294
.5791221,.4,.4459459,74,20,0,294
-1.181962,.4,.4459459,74,20,1,294
.432365,.4,.4459459,74,20,0,294
-.6578302,.4,.4459459,74,20,0,294
.7258791,.4,.4459459,74,20,0,294
-.8674831,.4,.4459459,74,20,0,294
.8936014,.4,.4459459,74,20,1,294
.432365,.4,.4459459,74,20,1,294
.432365,.4,.4459459,74,20,1,294
.7258791,.4,.4459459,74,20,0,294
-.1546632,.4,.4459459,74,20,0,294
-.3643161,.4,.4459459,74,20,0,294
-.8674831,.2777778,.375,48,18,0,295
1.543525,.2777778,.375,48,18,1,295
-.7626567,.2777778,.375,48,18,0,295
-.2594897,.2777778,.375,48,18,0,295
-.6578302,.2777778,.375,48,18,0,295
.8936014,.2777778,.375,48,18,1,295
.432365,.2777778,.375,48,18,1,295
-1.957678,.2777778,.375,48,18,0,295
.075955,.2777778,.375,48,18,0,295
-.6578302,.2777778,.375,48,18,0,295
-.0288714,.2777778,.375,48,18,1,295
-.1546632,.2777778,.375,48,18,0,295
.432365,.2777778,.375,48,18,0,295
1.899935,.2777778,.375,48,18,0,295
.075955,.2777778,.375,48,18,1,295
1.291942,.2777778,.375,48,18,0,295
-.8674831,.2777778,.375,48,18,0,295
1.061324,.4705882,.375,48,17,0,296
-.3643161,.4705882,.375,48,17,1,296
.075955,.4705882,.375,48,17,0,296
-.2594897,.4705882,.375,48,17,0,296
-.5530037,.4705882,.375,48,17,0,296
.8936014,.4705882,.375,48,17,0,296
.5791221,.4705882,.375,48,17,0,296
.5791221,.4705882,.375,48,17,1,296
1.291942,.4705882,.375,48,17,1,296
-.3643161,.4705882,.375,48,17,0,296
2.9482,.4705882,.375,48,17,1,296
.1807815,.4705882,.375,48,17,0,296
-.0288714,.4705882,.375,48,17,0,296
1.543525,.4705882,.375,48,17,1,296
-.2594897,.3846154,.375,48,13,1,297
.432365,.3846154,.375,48,13,0,297
-.1546632,.3846154,.375,48,13,0,297
1.291942,.3846154,.375,48,13,1,297
-.8674831,.3846154,.375,48,13,1,297
.5791221,.3846154,.375,48,13,0,297
-1.077136,.3846154,.375,48,13,0,297
.1807815,.3846154,.375,48,13,0,297
-.9723096,.3846154,.375,48,13,1,297
-.0288714,.3846154,.375,48,13,0,297
-.6578302,.3846154,.375,48,13,0,297
-.2594897,.3846154,.375,48,13,0,297
-.0288714,.6,.552381,105,25,1,298
-.7626567,.6,.552381,105,25,1,298
.1807815,.6,.552381,105,25,0,298
.1807815,.6,.552381,105,25,0,298
-.6578302,.6,.552381,105,25,0,298
-.7626567,.6,.552381,105,25,0,298
.1807815,.6,.552381,105,25,0,298
-.8674831,.6,.552381,105,25,1,298
-.5530037,.6,.552381,105,25,1,298
-.4691426,.6,.552381,105,25,0,298
-.1546632,.6,.552381,105,25,1,298
.7258791,.6,.552381,105,25,1,298
-1.077136,.6,.552381,105,25,1,298
-.4691426,.6,.552381,105,25,0,298
-.1546632,.6,.552381,105,25,1,298
-.1546632,.6,.552381,105,25,1,298
-1.412581,.6,.552381,105,25,1,298
-.4691426,.6,.552381,105,25,1,298
-.8674831,.6,.552381,105,25,0,298
.075955,.6,.552381,105,25,1,298
.432365,.6,.552381,105,25,1,298
.432365,.6,.552381,105,25,1,298
.1807815,.6,.552381,105,25,0,298
-.2594897,.6,.552381,105,25,0,298
-1.181962,.4117647,.552381,105,17,0,299
-.3643161,.4117647,.552381,105,17,1,299
-.1546632,.4117647,.552381,105,17,0,299
-.0288714,.4117647,.552381,105,17,0,299
.3065732,.4117647,.552381,105,17,0,299
-.0288714,.4117647,.552381,105,17,1,299
-.5530037,.4117647,.552381,105,17,0,299
-.5530037,.4117647,.552381,105,17,0,299
-.3643161,.4117647,.552381,105,17,0,299
.3065732,.4117647,.552381,105,17,0,299
-.1546632,.4117647,.552381,105,17,1,299
-.8674831,.4117647,.552381,105,17,1,299
-.3643161,.4117647,.552381,105,17,1,299
-.9723096,.4117647,.552381,105,17,0,299
1.061324,.4117647,.552381,105,17,1,299
-.0288714,.4117647,.552381,105,17,0,299
-.4691426,.4117647,.552381,105,17,1,299
-1.307754,.75,.552381,105,16,1,300
.5791221,.75,.552381,105,16,1,300
1.291942,.75,.552381,105,16,0,300
-.3643161,.75,.552381,105,16,1,300
-.5530037,.75,.552381,105,16,1,300
-.3643161,.75,.552381,105,16,1,300
-.9723096,.75,.552381,105,16,1,300
-.2594897,.75,.552381,105,16,0,300
-.1546632,.75,.552381,105,16,1,300
.8936014,.75,.552381,105,16,1,300
.432365,.75,.552381,105,16,1,300
.432365,.75,.552381,105,16,1,300
-.4691426,.75,.552381,105,16,1,300
-.5530037,.75,.552381,105,16,0,300
-.2594897,.75,.552381,105,16,1,300
1.543525,.5416667,.552381,105,24,1,301
-1.307754,.5416667,.552381,105,24,1,301
.432365,.5416667,.552381,105,24,0,301
-.4691426,.5416667,.552381,105,24,0,301
-.2594897,.5416667,.552381,105,24,1,301
-1.181962,.5416667,.552381,105,24,1,301
.7258791,.5416667,.552381,105,24,0,301
-.9723096,.5416667,.552381,105,24,1,301
-.3643161,.5416667,.552381,105,24,0,301
1.061324,.5416667,.552381,105,24,1,301
-.3643161,.5416667,.552381,105,24,0,301
-1.077136,.5416667,.552381,105,24,0,301
.7258791,.5416667,.552381,105,24,1,301
-.1546632,.5416667,.552381,105,24,1,301
-1.181962,.5416667,.552381,105,24,0,301
.3065732,.5416667,.552381,105,24,1,301
-.2594897,.5416667,.552381,105,24,0,301
-1.077136,.5416667,.552381,105,24,1,301
1.061324,.5416667,.552381,105,24,1,301
.8936014,.5416667,.552381,105,24,0,301
-.4691426,.5416667,.552381,105,24,1,301
.1807815,.5416667,.552381,105,24,1,301
.5791221,.5416667,.552381,105,24,0,301
-.3643161,.4782609,.552381,105,23,0,302
-.3643161,.4782609,.552381,105,23,0,302
-1.538373,.4782609,.552381,105,23,1,302
-.4691426,.4782609,.552381,105,23,1,302
.075955,.4782609,.552381,105,23,1,302
-.0288714,.4782609,.552381,105,23,0,302
.7258791,.4782609,.552381,105,23,0,302
-1.307754,.4782609,.552381,105,23,0,302
.5791221,.4782609,.552381,105,23,0,302
.432365,.4782609,.552381,105,23,0,302
-1.307754,.4782609,.552381,105,23,1,302
-.2594897,.4782609,.552381,105,23,1,302
-.0288714,.4782609,.552381,105,23,1,302
.1807815,.4782609,.552381,105,23,1,302
-.6578302,.4782609,.552381,105,23,1,302
-.8674831,.4782609,.552381,105,23,1,302
1.291942,.4782609,.552381,105,23,0,302
-.0288714,.4782609,.552381,105,23,0,302
-.5530037,.4782609,.552381,105,23,1,302
-.1546632,.4782609,.552381,105,23,0,302
-.0288714,.4782609,.552381,105,23,0,302
.075955,.6153846,.4552846,123,13,1,303
-1.957678,.6153846,.4552846,123,13,0,303
-.5530037,.6153846,.4552846,123,13,1,303
.432365,.6153846,.4552846,123,13,0,303
-.6578302,.6153846,.4552846,123,13,1,303
-.0288714,.6153846,.4552846,123,13,1,303
.075955,.6153846,.4552846,123,13,0,303
1.543525,.6153846,.4552846,123,13,1,303
-.8674831,.6153846,.4552846,123,13,0,303
.1807815,.6153846,.4552846,123,13,1,303
.5791221,.6153846,.4552846,123,13,1,303
-.0288714,.6153846,.4552846,123,13,0,303
.432365,.6153846,.4552846,123,13,1,303
2.9482,.3333333,.4552846,123,12,0,304
2.445033,.3333333,.4552846,123,12,0,304
-.2594897,.3333333,.4552846,123,12,0,304
.5791221,.3333333,.4552846,123,12,1,304
.1807815,.3333333,.4552846,123,12,0,304
.432365,.3333333,.4552846,123,12,0,304
.1807815,.3333333,.4552846,123,12,0,304
-.3643161,.3333333,.4552846,123,12,1,304
1.061324,.3333333,.4552846,123,12,1,304
.1807815,.3333333,.4552846,123,12,1,304
.432365,.3333333,.4552846,123,12,0,304
-1.077136,.3333333,.4552846,123,12,0,304
.7258791,.3076923,.4552846,123,13,0,305
-.0288714,.3076923,.4552846,123,13,0,305
.8936014,.3076923,.4552846,123,13,0,305
.8936014,.3076923,.4552846,123,13,0,305
1.061324,.3076923,.4552846,123,13,1,305
.075955,.3076923,.4552846,123,13,0,305
-.3643161,.3076923,.4552846,123,13,0,305
.8936014,.3076923,.4552846,123,13,1,305
-.6578302,.3076923,.4552846,123,13,0,305
-.8674831,.3076923,.4552846,123,13,0,305
.3065732,.3076923,.4552846,123,13,1,305
.432365,.3076923,.4552846,123,13,1,305
1.061324,.3076923,.4552846,123,13,0,305
.075955,.4285714,.4552846,123,21,1,306
-.3643161,.4285714,.4552846,123,21,0,306
-1.810921,.4285714,.4552846,123,21,0,306
-.9723096,.4285714,.4552846,123,21,0,306
-.6578302,.4285714,.4552846,123,21,1,306
-.1546632,.4285714,.4552846,123,21,0,306
-.7626567,.4285714,.4552846,123,21,0,306
.075955,.4285714,.4552846,123,21,1,306
.1807815,.4285714,.4552846,123,21,0,306
-.1546632,.4285714,.4552846,123,21,0,306
-.9723096,.4285714,.4552846,123,21,0,306
.7258791,.4285714,.4552846,123,21,0,306
.075955,.4285714,.4552846,123,21,1,306
-1.181962,.4285714,.4552846,123,21,1,306
.432365,.4285714,.4552846,123,21,1,306
-.6578302,.4285714,.4552846,123,21,0,306
1.061324,.4285714,.4552846,123,21,1,306
.075955,.4285714,.4552846,123,21,1,306
-.8674831,.4285714,.4552846,123,21,0,306
.1807815,.4285714,.4552846,123,21,1,306
1.899935,.4761905,.4552846,123,21,1,307
.5791221,.4761905,.4552846,123,21,0,307
-1.077136,.4761905,.4552846,123,21,0,307
1.899935,.4761905,.4552846,123,21,0,307
-1.810921,.4761905,.4552846,123,21,1,307
-1.181962,.4761905,.4552846,123,21,1,307
.3065732,.4761905,.4552846,123,21,1,307
.1807815,.4761905,.4552846,123,21,1,307
1.291942,.4761905,.4552846,123,21,0,307
.432365,.4761905,.4552846,123,21,0,307
.8936014,.4761905,.4552846,123,21,0,307
-.0288714,.4761905,.4552846,123,21,1,307
.1807815,.4761905,.4552846,123,21,0,307
1.899935,.4761905,.4552846,123,21,1,307
.5791221,.4761905,.4552846,123,21,1,307
-.1546632,.4761905,.4552846,123,21,1,307
-.1546632,.4761905,.4552846,123,21,0,307
-.6578302,.4761905,.4552846,123,21,0,307
-.0288714,.4761905,.4552846,123,21,0,307
-.5530037,.4761905,.4552846,123,21,1,307
.432365,.5,.4552846,123,22,1,308
1.543525,.5,.4552846,123,22,1,308
-.9723096,.5,.4552846,123,22,0,308
1.061324,.5,.4552846,123,22,0,308
.075955,.5,.4552846,123,22,1,308
-.3643161,.5,.4552846,123,22,1,308
-.4691426,.5,.4552846,123,22,0,308
-.3643161,.5,.4552846,123,22,0,308
.075955,.5,.4552846,123,22,1,308
-1.077136,.5,.4552846,123,22,0,308
.3065732,.5,.4552846,123,22,0,308
.8936014,.5,.4552846,123,22,1,308
.075955,.5,.4552846,123,22,0,308
-.7626567,.5,.4552846,123,22,0,308
-.1546632,.5,.4552846,123,22,0,308
.432365,.5,.4552846,123,22,1,308
2.445033,.5,.4552846,123,22,1,308
-.6578302,.5,.4552846,123,22,1,308
.075955,.5,.4552846,123,22,0,308
-.5530037,.5,.4552846,123,22,1,308
-.2594897,.5,.4552846,123,22,1,308
-.9723096,.4761905,.4552846,123,21,1,309
-.2594897,.4761905,.4552846,123,21,1,309
-.3643161,.4761905,.4552846,123,21,0,309
.1807815,.4761905,.4552846,123,21,1,309
.3065732,.4761905,.4552846,123,21,0,309
-1.810921,.4761905,.4552846,123,21,0,309
-1.307754,.4761905,.4552846,123,21,0,309
-.4691426,.4761905,.4552846,123,21,0,309
-1.307754,.4761905,.4552846,123,21,1,309
-.0288714,.4761905,.4552846,123,21,1,309
-.4691426,.4761905,.4552846,123,21,0,309
-.4691426,.4761905,.4552846,123,21,1,309
-.5530037,.4761905,.4552846,123,21,0,309
-.0288714,.4761905,.4552846,123,21,0,309
-.7626567,.4761905,.4552846,123,21,0,309
.3065732,.4761905,.4552846,123,21,0,309
-.8674831,.4761905,.4552846,123,21,1,309
.3065732,.4761905,.4552846,123,21,1,309
-.4691426,.4761905,.4552846,123,21,1,309
-.8674831,.4761905,.4552846,123,21,0,309
-.5530037,.4761905,.4552846,123,21,1,309
-.0288714,.5714286,.515625,64,14,0,310
.3065732,.5714286,.515625,64,14,1,310
-.2594897,.5714286,.515625,64,14,0,310
.7258791,.5714286,.515625,64,14,1,310
-.3643161,.5714286,.515625,64,14,1,310
-.7626567,.5714286,.515625,64,14,0,310
-.9723096,.5714286,.515625,64,14,1,310
-.7626567,.5714286,.515625,64,14,1,310
-.5530037,.5714286,.515625,64,14,1,310
-.8674831,.5714286,.515625,64,14,0,310
-.4691426,.5714286,.515625,64,14,0,310
-.0288714,.5714286,.515625,64,14,1,310
.3065732,.5714286,.515625,64,14,0,310
-.9723096,.5769231,.515625,64,26,1,311
.432365,.5769231,.515625,64,26,0,311
-.4691426,.5769231,.515625,64,26,1,311
-.3643161,.5769231,.515625,64,26,1,311
-.1546632,.5769231,.515625,64,26,1,311
-.1546632,.5769231,.515625,64,26,0,311
.1807815,.5769231,.515625,64,26,1,311
-.7626567,.5769231,.515625,64,26,1,311
.8936014,.5769231,.515625,64,26,0,311
1.543525,.5769231,.515625,64,26,1,311
1.061324,.5769231,.515625,64,26,0,311
.8936014,.5769231,.515625,64,26,0,311
-.2594897,.5769231,.515625,64,26,0,311
.8936014,.5769231,.515625,64,26,0,311
-1.181962,.5769231,.515625,64,26,1,311
.7258791,.5769231,.515625,64,26,1,311
.432365,.5769231,.515625,64,26,0,311
.8936014,.5769231,.515625,64,26,1,311
-.2594897,.5769231,.515625,64,26,0,311
-.5530037,.5769231,.515625,64,26,0,311
-.4691426,.5769231,.515625,64,26,1,311
1.543525,.5769231,.515625,64,26,1,311
.8936014,.5769231,.515625,64,26,1,311
.432365,.4166667,.515625,64,24,0,312
-1.181962,.4166667,.515625,64,24,0,312
-.2594897,.4166667,.515625,64,24,0,312
.7258791,.4166667,.515625,64,24,0,312
.3065732,.4166667,.515625,64,24,1,312
.432365,.4166667,.515625,64,24,0,312
.5791221,.4166667,.515625,64,24,1,312
.5791221,.4166667,.515625,64,24,1,312
-.5530037,.4166667,.515625,64,24,0,312
-.3643161,.4166667,.515625,64,24,1,312
-.6578302,.4166667,.515625,64,24,0,312
.432365,.4166667,.515625,64,24,1,312
.8936014,.4166667,.515625,64,24,0,312
1.061324,.4166667,.515625,64,24,0,312
.1807815,.4166667,.515625,64,24,0,312
-.7626567,.4166667,.515625,64,24,0,312
.8936014,.4166667,.515625,64,24,0,312
-.9723096,.4166667,.515625,64,24,0,312
.075955,.4166667,.515625,64,24,1,312
-.7626567,.4166667,.515625,64,24,1,312
1.061324,.4166667,.515625,64,24,1,312
-.3643161,.4090909,.5058824,85,22,0,313
.5791221,.4090909,.5058824,85,22,0,313
.1807815,.4090909,.5058824,85,22,0,313
-.0288714,.4090909,.5058824,85,22,1,313
.8936014,.4090909,.5058824,85,22,0,313
-.1546632,.4090909,.5058824,85,22,0,313
.8936014,.4090909,.5058824,85,22,1,313
.075955,.4090909,.5058824,85,22,0,313
1.543525,.4090909,.5058824,85,22,0,313
-.5530037,.4090909,.5058824,85,22,0,313
1.899935,.4090909,.5058824,85,22,1,313
2.445033,.4090909,.5058824,85,22,0,313
-.1546632,.4090909,.5058824,85,22,1,313
2.9482,.4090909,.5058824,85,22,0,313
1.061324,.4090909,.5058824,85,22,1,313
.1807815,.4090909,.5058824,85,22,0,313
1.291942,.4090909,.5058824,85,22,0,313
1.899935,.4090909,.5058824,85,22,1,313
.7258791,.4090909,.5058824,85,22,1,313
.3065732,.4090909,.5058824,85,22,1,313
.5791221,.4090909,.5058824,85,22,1,313
.8936014,.5833333,.5058824,85,24,1,314
.075955,.5833333,.5058824,85,24,1,314
1.543525,.5833333,.5058824,85,24,1,314
-.6578302,.5833333,.5058824,85,24,0,314
-.3643161,.5833333,.5058824,85,24,0,314
-.3643161,.5833333,.5058824,85,24,0,314
-.8674831,.5833333,.5058824,85,24,0,314
-1.181962,.5833333,.5058824,85,24,0,314
1.543525,.5833333,.5058824,85,24,1,314
1.899935,.5833333,.5058824,85,24,1,314
1.291942,.5833333,.5058824,85,24,1,314
1.543525,.5833333,.5058824,85,24,1,314
-.3643161,.5833333,.5058824,85,24,1,314
-.8674831,.5833333,.5058824,85,24,1,314
-.7626567,.5833333,.5058824,85,24,1,314
1.061324,.5833333,.5058824,85,24,0,314
-1.307754,.5833333,.5058824,85,24,0,314
.3065732,.5833333,.5058824,85,24,0,314
.1807815,.5833333,.5058824,85,24,1,314
-.5530037,.5833333,.5058824,85,24,0,314
.5791221,.5833333,.5058824,85,24,0,314
-.7626567,.5833333,.5058824,85,24,1,314
.075955,.5833333,.5058824,85,24,1,314
1.899935,.5833333,.5058824,85,24,1,314
.3065732,.5,.5058824,85,16,0,315
-2.125401,.5,.5058824,85,16,1,315
1.899935,.5,.5058824,85,16,0,315
1.899935,.5,.5058824,85,16,1,315
-1.077136,.5,.5058824,85,16,1,315
.3065732,.5,.5058824,85,16,1,315
2.445033,.5,.5058824,85,16,0,315
1.291942,.5,.5058824,85,16,1,315
.7258791,.5,.5058824,85,16,1,315
-.3643161,.5,.5058824,85,16,1,315
.432365,.5,.5058824,85,16,1,315
1.899935,.5,.5058824,85,16,0,315
-1.307754,.5,.5058824,85,16,0,315
1.543525,.5,.5058824,85,16,0,315
1.061324,.5,.5058824,85,16,0,315
.3065732,.5,.5058824,85,16,0,315
-.0288714,.5217391,.5058824,85,23,0,316
-.3643161,.5217391,.5058824,85,23,1,316
.5791221,.5217391,.5058824,85,23,1,316
.075955,.5217391,.5058824,85,23,0,316
-1.077136,.5217391,.5058824,85,23,0,316
1.543525,.5217391,.5058824,85,23,1,316
-.1546632,.5217391,.5058824,85,23,1,316
-.8674831,.5217391,.5058824,85,23,0,316
-.1546632,.5217391,.5058824,85,23,1,316
-.7626567,.5217391,.5058824,85,23,0,316
1.543525,.5217391,.5058824,85,23,0,316
.075955,.5217391,.5058824,85,23,0,316
-.4691426,.5217391,.5058824,85,23,0,316
-.0288714,.5217391,.5058824,85,23,1,316
-.9723096,.5217391,.5058824,85,23,0,316
-1.538373,.5217391,.5058824,85,23,0,316
2.9482,.5217391,.5058824,85,23,1,316
.7258791,.5217391,.5058824,85,23,0,316
1.899935,.5217391,.5058824,85,23,1,316
-.3643161,.5217391,.5058824,85,23,1,316
-.3643161,.5217391,.5058824,85,23,1,316
1.061324,.6363636,.4852941,68,22,0,317
1.543525,.6363636,.4852941,68,22,1,317
.5791221,.6363636,.4852941,68,22,1,317
.8936014,.6363636,.4852941,68,22,1,317
2.9482,.6363636,.4852941,68,22,1,317
-.3643161,.6363636,.4852941,68,22,0,317
-.3643161,.6363636,.4852941,68,22,0,317
.432365,.6363636,.4852941,68,22,1,317
.075955,.6363636,.4852941,68,22,1,317
.1807815,.6363636,.4852941,68,22,1,317
.8936014,.6363636,.4852941,68,22,1,317
-.2594897,.6363636,.4852941,68,22,1,317
.8936014,.6363636,.4852941,68,22,1,317
2.9482,.6363636,.4852941,68,22,0,317
1.061324,.6363636,.4852941,68,22,0,317
1.061324,.6363636,.4852941,68,22,1,317
2.445033,.6363636,.4852941,68,22,0,317
.3065732,.6363636,.4852941,68,22,0,317
.7258791,.6363636,.4852941,68,22,0,317
-.1546632,.6363636,.4852941,68,22,1,317
.432365,.6363636,.4852941,68,22,1,317
.075955,.6363636,.4852941,68,22,1,317
.5791221,.5263158,.4852941,68,19,0,318
1.061324,.5263158,.4852941,68,19,0,318
1.899935,.5263158,.4852941,68,19,0,318
.5791221,.5263158,.4852941,68,19,1,318
.1807815,.5263158,.4852941,68,19,0,318
2.9482,.5263158,.4852941,68,19,1,318
2.9482,.5263158,.4852941,68,19,1,318
-.1546632,.5263158,.4852941,68,19,0,318
1.061324,.5263158,.4852941,68,19,1,318
2.445033,.5263158,.4852941,68,19,1,318
1.061324,.5263158,.4852941,68,19,1,318
1.543525,.5263158,.4852941,68,19,1,318
-.1546632,.5263158,.4852941,68,19,0,318
-.1546632,.5263158,.4852941,68,19,0,318
1.899935,.5263158,.4852941,68,19,1,318
-.3643161,.5263158,.4852941,68,19,1,318
2.445033,.5263158,.4852941,68,19,0,318
-.1546632,.5263158,.4852941,68,19,0,318
.8936014,.5263158,.4852941,68,19,1,318
.075955,.4285714,.4852941,68,14,0,319
.3065732,.4285714,.4852941,68,14,1,319
2.9482,.4285714,.4852941,68,14,0,319
.075955,.4285714,.4852941,68,14,0,319
.8936014,.4285714,.4852941,68,14,0,319
1.899935,.4285714,.4852941,68,14,1,319
.7258791,.4285714,.4852941,68,14,1,319
2.445033,.4285714,.4852941,68,14,0,319
.7258791,.4285714,.4852941,68,14,1,319
.432365,.4285714,.4852941,68,14,1,319
2.445033,.4285714,.4852941,68,14,0,319
.1807815,.4285714,.4852941,68,14,0,319
.432365,.2307692,.4852941,68,13,0,320
.7258791,.2307692,.4852941,68,13,0,320
1.543525,.2307692,.4852941,68,13,0,320
-.1546632,.2307692,.4852941,68,13,0,320
1.899935,.2307692,.4852941,68,13,0,320
1.899935,.2307692,.4852941,68,13,0,320
.1807815,.2307692,.4852941,68,13,0,320
-.2594897,.2307692,.4852941,68,13,0,320
-.7626567,.2307692,.4852941,68,13,0,320
.5791221,.2307692,.4852941,68,13,1,320
-.2594897,.2307692,.4852941,68,13,0,320
-.3643161,.2307692,.4852941,68,13,1,320
-.6578302,.2307692,.4852941,68,13,1,320
.5791221,.3636364,.4242424,99,22,1,321
-.0288714,.3636364,.4242424,99,22,0,321
.1807815,.3636364,.4242424,99,22,1,321
1.061324,.3636364,.4242424,99,22,1,321
-.6578302,.3636364,.4242424,99,22,1,321
1.543525,.3636364,.4242424,99,22,0,321
.8936014,.3636364,.4242424,99,22,0,321
1.061324,.3636364,.4242424,99,22,0,321
-.7626567,.3636364,.4242424,99,22,0,321
-.2594897,.3636364,.4242424,99,22,0,321
.7258791,.3636364,.4242424,99,22,1,321
.432365,.3636364,.4242424,99,22,0,321
.7258791,.3636364,.4242424,99,22,0,321
.3065732,.3636364,.4242424,99,22,1,321
-.6578302,.3636364,.4242424,99,22,0,321
-1.307754,.3636364,.4242424,99,22,0,321
-.6578302,.3636364,.4242424,99,22,1,321
.8936014,.3636364,.4242424,99,22,0,321
.432365,.3636364,.4242424,99,22,1,321
1.899935,.3636364,.4242424,99,22,0,321
-.4691426,.3636364,.4242424,99,22,0,321
.5791221,.3636364,.4242424,99,22,0,321
-.5530037,.5416667,.4242424,99,24,0,322
.432365,.5416667,.4242424,99,24,1,322
-.2594897,.5416667,.4242424,99,24,1,322
1.061324,.5416667,.4242424,99,24,0,322
-.0288714,.5416667,.4242424,99,24,1,322
-1.181962,.5416667,.4242424,99,24,0,322
.5791221,.5416667,.4242424,99,24,1,322
1.291942,.5416667,.4242424,99,24,0,322
.7258791,.5416667,.4242424,99,24,1,322
.432365,.5416667,.4242424,99,24,1,322
-1.307754,.5416667,.4242424,99,24,1,322
-.1546632,.5416667,.4242424,99,24,0,322
.075955,.5416667,.4242424,99,24,0,322
.075955,.5416667,.4242424,99,24,0,322
1.291942,.5416667,.4242424,99,24,1,322
1.291942,.5416667,.4242424,99,24,1,322
-.1546632,.5416667,.4242424,99,24,0,322
.432365,.5416667,.4242424,99,24,0,322
.1807815,.5416667,.4242424,99,24,1,322
.075955,.5416667,.4242424,99,24,1,322
-.5530037,.5416667,.4242424,99,24,1,322
.1807815,.5416667,.4242424,99,24,1,322
.8936014,.5416667,.4242424,99,24,0,322
.075955,.5416667,.4242424,99,24,0,322
.3065732,.3478261,.4242424,99,23,1,323
1.291942,.3478261,.4242424,99,23,1,323
.3065732,.3478261,.4242424,99,23,0,323
-.1546632,.3478261,.4242424,99,23,1,323
-.7626567,.3478261,.4242424,99,23,0,323
-.4691426,.3478261,.4242424,99,23,0,323
.8936014,.3478261,.4242424,99,23,1,323
-.9723096,.3478261,.4242424,99,23,0,323
1.543525,.3478261,.4242424,99,23,0,323
.7258791,.3478261,.4242424,99,23,0,323
-.1546632,.3478261,.4242424,99,23,1,323
.5791221,.3478261,.4242424,99,23,0,323
2.9482,.3478261,.4242424,99,23,0,323
-.2594897,.3478261,.4242424,99,23,0,323
2.445033,.3478261,.4242424,99,23,0,323
.5791221,.3478261,.4242424,99,23,0,323
.5791221,.3478261,.4242424,99,23,1,323
-.2594897,.3478261,.4242424,99,23,0,323
.7258791,.3478261,.4242424,99,23,0,323
-.3643161,.3478261,.4242424,99,23,0,323
1.061324,.3333333,.4242424,99,15,0,324
.5791221,.3333333,.4242424,99,15,1,324
-.1546632,.3333333,.4242424,99,15,1,324
.7258791,.3333333,.4242424,99,15,0,324
.8936014,.3333333,.4242424,99,15,0,324
.8936014,.3333333,.4242424,99,15,1,324
.5791221,.3333333,.4242424,99,15,0,324
1.899935,.3333333,.4242424,99,15,0,324
1.899935,.3333333,.4242424,99,15,0,324
.8936014,.3333333,.4242424,99,15,0,324
.5791221,.3333333,.4242424,99,15,0,324
.7258791,.3333333,.4242424,99,15,0,324
.075955,.3333333,.4242424,99,15,0,324
.8936014,.3333333,.4242424,99,15,1,324
1.291942,.3333333,.4242424,99,15,1,324
2.445033,.5333334,.4242424,99,15,1,325
.432365,.5333334,.4242424,99,15,0,325
-.2594897,.5333334,.4242424,99,15,1,325
-.0288714,.5333334,.4242424,99,15,0,325
.5791221,.5333334,.4242424,99,15,0,325
.5791221,.5333334,.4242424,99,15,1,325
-.0288714,.5333334,.4242424,99,15,1,325
.432365,.5333334,.4242424,99,15,0,325
-.1546632,.5333334,.4242424,99,15,1,325
.8936014,.5333334,.4242424,99,15,1,325
-.0288714,.5333334,.4242424,99,15,0,325
.7258791,.5333334,.4242424,99,15,1,325
.5791221,.5333334,.4242424,99,15,0,325
.5791221,.5333334,.4242424,99,15,1,325
.8936014,.5333334,.4242424,99,15,0,325
